city,company-name,date,description,employment-form,employment-schedule,experience,key_skills,max-experience,max-salary,min-experience,min-salary,name,requirements,responsibilities
Тюмень,Ключевой фактор,2019-10-03T10:59:02+0300,"<p><strong>Junior Frontend Developer / </strong><strong>Веб</strong><strong>-</strong><strong>разработчик</strong><strong> (Frontend)</strong></p> <p> </p> <p><strong>Чем предстоит заниматься:</strong></p> <ul> <li>Разрабатывать frontend для веб и мобильных приложений</li> <li>Поддерживать frontend существующих приложений</li> <li>Конструктивно взаимодействовать в команде</li> </ul> <p> </p> <p><strong>Ты нам подходишь, если:</strong></p> <ul> <li>Имеешь базовые знания HTML, CSS, JS, JQuery, AJAX</li> <li>Знаешь на базовом уровне хотя-бы один из фреймворков: React / Angular / VueJS или др.</li> <li>Умеешь писать простой и понятный код, следуя принятой методологии</li> <li>Понимаешь принципы ООП</li> <li>Умеешь разбираться в чужом коде</li> </ul> <p> </p> <p><strong>Будет круто, если:</strong></p> <ul> <li>Имеешь какой-то опыт разработки frontend</li> <li>Владеешь каким-либо препроцессором: SASS / Stylus / PostCSS или др.</li> <li>Знаешь или что-то слышал о семантической разметке</li> </ul> <p>Условия работы:</p> <p>- офис в центре города</p> <p>- работа в скрам-команде</p> <p><strong>Сайт компании: http://kfactor.ru/</strong></p>",Полная занятость,Полный день,От 1 года до 3 лет,|HTML|CSS|Ext JS|jQuery|Ajax|AngularJS,3.0,70000.0,1.0,35000.0,web,"Имеешь базовые знания HTML, CSS, JS, JQuery, AJAX. Знаешь на базовом уровне хотя-бы один из фреймворков: React / Angular / VueJS...",Разрабатывать frontend для веб и мобильных приложений. Поддерживать frontend существующих приложений. Конструктивно взаимодействовать в команде.
Тюмень,CDS Company,2019-10-10T14:02:14+0300,"<p>CDS Company - студия веб-разработок.<br />Мы специализируемся на разработке крупных проектов, регионального и федерального уровня.<br />Мы разрабатываем высоконагруженные интернет-магазины, CRM-системы для различных предприятий, профессиональные корпоративные порталы, модернизируем порталы СМИ и много других сложных, нетривиальных проектов. В разработке мы используем передовые технологии и крутые решения технического характера. В разработке используем нашу внутреннюю CRM систему для оптимизации внутренних бизнес-процессов.</p> <p>На сегодняшний день разработано и запущено свыше 50 проектов и находится более 100 сайтов на технической поддержке.</p> <p>На текущий момент набираем команду программистов для развития своих кодерских навыков и для разработки крутых проектов в связи с расширением штата и увеличением объема работ. Есть team-lead, наставник, который справится с любой задачей и любым вопросом.</p> <p><strong>Обязанности:</strong></p> <p>- Верстка проектов с нуля по дизайн-макетам PSD;<br />- Доработки верстки существующих проектов;<br />- Адаптация макетов под мобильные устройства;<br />- Написание JS-скриптов на базе jQuery;<br />- Оптимизация работы HTML/CSS/JS для ускорения работы сайтов;</p> <p><strong>Требования:</strong></p> <p>- Базовые знания web-разработки;<br />- Знание JavaScript, JQuery;<br />- Знание HTML5;<br />- Знание CSS3.0;<br />- Знание SASS;<br />- Сборка на базе Node.js c таск-менеджером Gulp;<br />- Знание Pug/Jade;<br />- Базовые знания JavaScript, jQuery;<br />- Пунктуальность;<br />- Ответственность;<br />- Не бояться учиться чему-то новому;</p> <p><strong>Условия:</strong></p> <p>- Работа в офисе в будни, график вы устанавливаете себе сами;<br />- Перерыв на обед - 1 час в любое время;<br />- Предоставляем рабочее место с хорошим компьютером (2 монитора, производительный компьютер);<br />- За Вами будет закреплен руководитель, который будет помогать решать технические вопросы и руководить процессом разработки;<br />- Обучение и повышение квалификации;<br />- Официальное трудоустройство минимум после 2 месяцев испытательного срока;<br />- Чай и печеньки за наш счет;<br />- Корпоративчики и пятничные посиделки;<br />- Офис в центре города;<br />- Корпоративное жилье для иногородних;<br />- Соц.пакет: выплата больничных, выплата отпускных, выплата квартальных премий, мед. страховка;</p> <p>На текущем этапе развития компании гарантируем карьерный рост до руководителя отдела разработки и выше.</p>",Полная занятость,Полный день,От 1 года до 3 лет,|PHP|jQuery|CSS3|1С-Битрикс|CSS|ООП|MySQL|CMS Wordpress|HTML|HTML5|JavaScript|Ajax,3.0,100000.0,1.0,40000.0,web,"Базовые знания web-разработки. - Знание JavaScript, JQuery. - Знание HTML5. - Знание CSS3.0. - Знание SASS. - Знание Pug/Jade. - ",Верстка проектов с нуля по дизайн-макетам PSD. - Доработки верстки существующих проектов. - Адаптация макетов под мобильные устройства. - Написание JS-скриптов...
Тюмень,Компания Эхо,2019-09-19T08:38:12+0300,"<p><strong>Обязанности:</strong></p> <p>В нашу команду технарей требуется человек с чувством прекрасного, способный обернуть качественный код в достойную форму. Нам нужен человек, который знает что такое юзабилити и user experience design и использует эти знания в своих работах.</p> <p>Основные задачки: разработка фирменных стилей, интерфейсов, дизайнов сайтов и интернет-магазинов, разработка дизайнов мобильных приложений, прототипирование.</p> <p><strong>Требования:</strong></p> <ul> <li>Владение графической композицией и художественными навыками.</li> <li>Структурное, логическое мышление наряду с творческим, нестандартным.</li> <li>Владение Photoshop, Illustrator и пр.</li> <li>Самостоятельность и самоорганизованность.</li> <li>Умение рисовать от руки</li> <li>Наличие портфолио</li> </ul> <p><strong>Условия:</strong></p> <ul> <li>Официальное трудоустройство</li> <li>Достойная оплата в соответствии со знаниями, навыками и результатами</li> <li>Поощрение в реализации профессиональных амбиций</li> <li>Дружный коллектив специалистов, который обменивается опытом и развивается вместе, есть возможности для развития – внутреннее обучение, мастер-классы для сотрудников</li> <li> <p>Корпоративные мероприятия (по пятницам мы любим играть в «Мафию» и другие игры, устраиваем банкеты и празднуем Дни Рождения)</p> </li> <li> <p>Возможность поспать – гибкий график: не можешь встать в 7 утра? Приходи на работу позже, но у нас полный рабочий день.</p> </li> <li> <p>В офисе комфортные условия - мощные компьютеры, два монитора, кофе, чай, снэки.</p> </li> </ul>",Полная занятость,Полный день,От 1 года до 3 лет,|Adobe Photoshop|Adobe Illustrator|Web Design|Web-дизайн|Графический дизайн|Дизайн|Веб-дизайн|Креативность|Разработка фирменного стиля|Творческое мышление,3.0,50000.0,1.0,30000.0,web,"Владение графической композицией и художественными навыками. Структурное, логическое мышление наряду с творческим, нестандартным. Владение Photoshop, Illustrator и пр. ","Основные задачки: разработка фирменных стилей, интерфейсов, дизайнов сайтов и интернет-магазинов, разработка дизайнов мобильных приложений, прототипирование."
Тюмень,R-Style Softlab (Эр-Стайл Софтлаб),2019-10-02T17:11:29+0300,"<p><strong>R-Style SoftLab в поисках разработчиков Java middle и senior уровней!</strong></p> <p>Мы делаем банковские ИТ продукты, которые улучшают и облегчают жизнь миллионов людей.</p> <p>Наши системы интернет-банкинга и мобильные приложения успешно работают в крупнейших банках России и СНГ.<br /><br />Если вам давно хотелось сменить окружающий вас ландшафт на возможность работать в паре километров от пляжа, в более мягком морском климате, принимая участие в интересных проектах, то эта вакансия – шанс реализовать план!<br /><br /><strong>R-Style SoftLab запускает программу релокации</strong> в крымском направлении для Java-разработчиков России!</p> <p>Мы наращиваем портфель заказов и поэтому расширяем проектные команды в наших южных филиалах!</p> <p><strong>Чем предстоит заниматься:</strong></p> <ul> <li>Разрабатывать высоконагруженные системы в банковском и страховом секторе в роли fullstack Java разработчика</li> <li>Осуществлять интеграцию продукта с различными внешними системами;</li> <li>Разрабатывать пользовательские интерфейсы, бизнес-логику;</li> <li>Участвовать в проектировании баз данных и архитектуры продуктов;</li> </ul> <p><strong>Каких Джавистов мы особенно ждем:</strong></p> <ul> <li>Умеющих разрабатывать web-приложения на Java с опытом разработки от 1 года</li> <li>Уверенно владеющих Java SE (1.7, 1.8)</li> <li>Владеющих стеком - JavaScript, HTML, CSS</li> <li>Большим плюсом является знание Spring, Hibernate, HTML, JavaScript, WebServices (JAX-WS), REST Service, а в идеале - React JS, Tapestry (или JSF)</li> <li>Умеющих работать с системами контроля версий (SVN/GIT)</li> <li>Понимающих принципы создания многопоточных приложений, а в идеале - и принципы построения решений в микросервисной архитектуре</li> <li>Умеющих читать и понимать ER-диаграммы, UML</li> <li>Уверенно работающих с СУБД Oracle или PostgreSQL</li> <li>Навыки проектирования баз данных приветствуются</li> </ul> <p><br /><strong>Что может предложить R-Style Softlab:</strong></p> <ul> <li>Масштабные проекты, в которых можно проявить свои способности;</li> <li>Разработка и совершенствование проектов ведется в микросервисной архитектуре;</li> <li>Мы придерживаемся идеи использования современных технологий и подходов везде, где это возможно;</li> <li>Практикуем Agile подход, но не сторонники жесткого ограничения в нём. Понимаем, когда Agile нужен, а когда лучше воспользоваться другими методологиями;</li> <li>Мы обучаем наших сотрудников, проводим внутренние митапы;</li> <li>Работа в надежной стабильной компании (участника рейтинга работодателей России по рейтингу hh.ru) - лидере рынка банковской автоматизации;</li> <li>Оформление в соответствии с ТК РФ;</li> <li>Заработная плата официальная - оклад и достойные премии по результатам работы;</li> <li>График работы: 5/2, полный рабочий день, гибкое время начала рабочего дня (с 8 до 11).</li> <li>Добровольное медицинское страхование, хорошие клиники и программы;</li> <li>Корпоративное обучение и различные корпоративные мероприятия;</li> </ul> <p><strong>По программе релокации:</strong></p> <ul> <li>Компенсация билета*, чтобы приехать/прилететь к нам;</li> <li>Разовые подъёмные*, чтобы начать обосновываться;</li> <li>50% компенсации затрат на проживание* в городах присутствия R-Style SoftLab (Севастополь, Симферополь) после успешного прохождения испытательного срока (3 месяца в соответствии с ТК РФ);</li> <li>Море – всего в получасе пешей прогулки от севастопольского офиса или в часе езды от симферопольского!<br /><br />*Все суммы обговариваются с кандидатами, успешно прошедшими отбор на эту вакансию</li> </ul>",Полная занятость,Полный день,От 1 года до 3 лет,|Java|JSP|HTML|CSS|Spring Framework|JavaScript|PostgreSQL|SVN|Git|ORACLE,3.0,,1.0,,web,"Умеющих разрабатывать web-приложения на Java с опытом разработки от 1 года. Уверенно владеющих Java SE (1.7, 1.8). ",Разрабатывать высоконагруженные системы в банковском и страховом секторе в роли fullstack Java разработчика. Осуществлять интеграцию продукта с различными внешними системами. 
Тюмень,Креатив,2019-10-01T15:13:13+0300,"<p>Уникальный совместный проект <strong>Creative и РБК (РосБизнесКонсалтинг)</strong> - офис разработки продуктов для ведущего мультимедийного холдинга России в Тюмени.</p> <p>Мы создаем классные продукты федерального масштаба находясь в любимом городе.</p> <p>В связи с расширением команды нам нужны разработчики TypeScript/JavaScript.</p> <p><strong>О проекте:</strong></p> <p>Сбор и хранение в электронном виде русскоязычной периодики. Ежедневно в базу СМИ загружается более 100 тыс. новых документов. Перед нами стоит задача разработки новых продуктов и сервисов с использованием<br />технологий машинного обучения и обработки текстов, а также развития и модернизации системы хранения и поиска информации.</p> <p><strong>Технологический стек:</strong> TypeScript, React, Mobx или Redux.</p> <p><strong>Обязанности:</strong></p> <ul> <li>Разработка на TypeScript + Mobx или Redux.</li> <li>Обеспечение качества путем участия в code review и написания unit-тестов.</li> </ul> <strong>Требования:</strong> <ul> <li>опыт программирования на JavaScript или TypeScript;</li> <li>навыки написания юнит-тестов;</li> <li>умение работать с application state с использованием Mobx и/или Redux;</li> <li>навыки работы c git.</li> </ul> <strong>Условия:</strong> <ul> <li>опытная команда неравнодушных людей (в офисе сейчас более 50 человек);</li> <li>полностью оборудованное рабочее место;</li> <li>комфортный офис, такого вы еще не видели;</li> <li>демократичный стиль управления в компании (всегда можно обсудить и внедрить идеи, оптимизацию);</li> <li>оплата всегда стабильно и вовремя.</li> </ul>",Полная занятость,Полный день,От 1 года до 3 лет,|JavaScript|TypeScript|Mobx|Redux|Git,3.0,120000.0,1.0,50000.0,web,Опыт программирования на JavaScript или TypeScript. Навыки написания юнит-тестов. Умение работать с application state с использованием Mobx и/или...,Разработка на TypeScript + Mobx или Redux. Обеспечение качества путем участия в code review и написания unit-тестов.
Тюмень,Легаси,2019-09-23T08:07:30+0300,"<p><strong>Что нужно делать:</strong></p> <p>Нам нужен человек, который возьмет на себя часть задач разработчиков. Чаще всего необходимо разрабатывать интернет-магазины на 1С-Битрикс по конкретным ТЗ, написанными техническими специалистами. Иногда будут задачи по доработкам уже существующих проектов.</p> <p>В работе мы ждем от вас ответственности, самостоятельности, внимательности и аккуратности. Если столкнетесь с чем то сложным и решения не будет в наших внутренних документах не бойтесь обратиться к коллегам за помощью.</p> <p> </p> <p><strong>Какие требования:</strong></p> <ul> <li> <p>PHP 5, PHP 7, MySQL, HTML+CSS</p> </li> <li> <p>Опыт работы с Битрикс</p> </li> <li> <p>GIT/GIT-flow</p> </li> <li> <p>Хорошее понимание ООП, опыт его использования</p> </li> <li> <p>Отсутствие страха перед HTML, CSS, JS. Для верстки и сложного js-кодинга есть специальные люди, но базовые знания должны присутствовать и использоваться</p> </li> <li> <p>Развиваться профессионально и помогать развиваться коллегам</p> </li> </ul> <p><strong>Будет плюсом знание:</strong></p> <ul> <li> <p>Laravel</p> </li> <li> <p>Vue.js</p> </li> <li> <p>Bitrix API D7</p> </li> <li> <p>умение настройки серверов на UNIX</p> </li> </ul> <p> </p> <p><strong>Условия работы:</strong></p> <ul> <li> <p>Профессиональная команда. Будет у кого поучиться новым технологиям, практикам и инструментам</p> </li> <li> <p>Не надо продавать свои услуги. За вас это сделают специальные люди</p> </li> <li> <p>Если требуется, покупаем новые инструменты для повышения эффективности работы</p> </li> <li> <p>Опыт работы в реальных проектах федерального масштаба: интернет-магазины, маркетплейсы, B2B-порталы.</p> </li> <li> <p>Отличная рабочая атмосфера без дресс-кода и лишней бюрократии</p> </li> <li> <p>Рабочая станция с SSD-диском и двумя мониторами</p> </li> <li> <p>Работа в комфортном офисе рядом с перекрёстком ул. Мельникайте/50 лет Октября. До офиса удобно добираться на автобусе из любого района города, остановки рядом. Есть парковки для автомобилей</p> </li> <li> <p>В офисе отдельный кабинет формата переговорка/кухня: холодильник, кофемашина, микроволновка, чайник, печеньки. Чистая питьевая бутилированная вода. Большие окна, свежий воздух, тишина</p> </li> <li> <p>График работы обсуждаем: 5/2, 8-часовой рабочий день в период с 9-00 до 22-00</p> </li> <li> <p>Рядом: множество заведений общепита, тренажёрный зал, парикмахерская</p> </li> <li> <p>Официальное оформление по ТК РФ с записью в трудовой книжке</p> </li> <li> <p>Оплачиваемый испытательный срок 3 месяца. Обучаем в период испытательного срока</p> </li> </ul> <p> </p> <p><strong>Дополнительные инструкции</strong></p> <ul> <li>После отклика нужно будет заполнить небольшую анкету</li> </ul> <p> </p> <p><strong>9 преимуществ работы в компании Legacy:</strong></p> <ol> <li> <p>Вы устроитесь в нашу компанию и уже через 1 год получите компетенции для участия в крупных технологичных проектах.</p> </li> <li> <p>Разработаете минимум 12 проектов, получите квалификацию и опыт, которые пополнят портфолио.</p> </li> <li> <p>Работа в команде с другими людьми (аналитики, проектировщики, дизайнеры, специалисты по продвижению), которые подпитывают новыми знаниями.</p> </li> <li> <p>Сформированные рабочие процессы (проект разрабатывается плавно и прогнозируемо). Возможность влиять на процессы в компании (по окончанию каждого проекта работаем над ошибками).</p> </li> <li> <p>Составляем личный план развития + старший товарищ, который поможет.</p> </li> <li> <p>Современные инструменты для управления проектами. Вы научитесь работать с передовыми инструментами.</p> </li> <li> <p>Компания оплачивает учёбу и сертификацию.</p> </li> </ol>",Полная занятость,Полный день,Нет опыта,|Веб разработка|Backend development|PHP|1С-Битрикс|JavaScript|Git|PostgreSQL|ООП|MySQL|Веб-программирование|Bitrix|SQL|Ajax,,80000.0,,25000.0,web,"В работе мы ждем от вас ответственности, самостоятельности, внимательности и аккуратности. Если столкнетесь с чем то сложным и решения не...","Дополнительные инструкции. Работа в команде с другими людьми (аналитики, проектировщики, дизайнеры, специалисты по продвижению), которые подпитывают новыми знаниями. "
Тюмень,CDS Company,2019-10-11T14:15:54+0300,"<p>CDS Company - студия веб-разработок.<br />Мы специализируемся на разработке крупных проектов, регионального и федерального уровня.<br />Мы разрабатываем высоконагруженные интернет-магазины, CRM-системы для различных предприятий, профессиональные корпоративные порталы, модернизируем порталы СМИ и много других сложных, нетривиальных проектов. В разработке мы используем передовые технологии и крутые решения технического характера. В разработке используем нашу внутреннюю CRM систему для оптимизации внутренних бизнес-процессов.</p> <p>На сегодняшний день разработано и запущено свыше 50 проектов и находится более 100 сайтов на технической поддержке.</p> <p>На текущий момент набираем команду программистов для развития своих кодерских навыков и для разработки крутых проектов в связи с расширением штата и увеличением объема работ. Есть team-lead, наставник, который справится с любой задачей и любым вопросом.</p> <p><strong>Обязанности:</strong></p> <p>- Программирование сайтов с 0 на Битриксе через обучение;<br />- Разработка CRM систем на базе bitrix;<br />- Разработка модулей и классов на PHP7;<br />- Работа с Laravel + PostgreSQL (OctoberCMS) через обучение;<br />- Обслуживание сайтов на Битриксе, WP и других CMS;</p> <p><strong>Требования:</strong></p> <p>- Базовые знания web-разработки;<br />- Умение программировать на PHP (жестко и много, только хард-код);<br />- Опыт работы с большими проектами;<br />- Знание ООП;<br />- Знание JavaScript, JQuery;<br />- Опыт работы на Битриксе приветствуется. Но если не знаете, то научим.<br />- Пунктуальность;<br />- Ответственность;<br />- Не бояться учиться чему-то новому;<br />- Знание PHP7, MySQL, PostgreSQL</p> <p><strong>Условия:</strong></p> <p>- Работа в офисе в будни, график вы устанавливаете себе сами;<br />- Перерыв на обед - 1 час в любое время;<br />- Предоставляем рабочее место с хорошим компьютером (2 монитора, производительный компьютер);<br />- За Вами будет закреплен руководитель, который будет помогать решать технические вопросы и руководить процессом разработки;<br />- Обучение и повышение квалификации;<br />- Официальное трудоустройство после 1 месяца испытательного срока;<br />- Чай и печеньки за наш счет;<br />- Корпоративчики и пятничные посиделки;<br />- Офис в центре города;<br />- ВОЗМОЖНА УДАЛЕННАЯ РАБОТА;<br />- Соц.пакет: выплата больничных, выплата отпускных, выплата квартальных премий, мед. страховка;</p> <p>На текущем этапе развития компании гарантируем карьерный рост до руководителя отдела разработки и выше.</p>",Полная занятость,Полный день,От 1 года до 3 лет,|PHP|jQuery|CSS3|1С-Битрикс|CSS|ООП|MySQL|CMS Wordpress|HTML|HTML5|JavaScript|Ajax,3.0,100000.0,1.0,40000.0,web,"Базовые знания web-разработки. - Умение программировать на PHP (жестко и много, только хард-код). - Опыт работы с большими проектами. - ",Программирование сайтов с 0 на Битриксе через обучение. - Разработка CRM систем на базе bitrix. - Разработка модулей и классов на PHP...
Тюмень,Ключевой фактор,2019-10-03T10:58:55+0300,"<p><strong>Junior Backend Developer / </strong><strong>Веб</strong><strong>-</strong><strong>разработчик</strong><strong> (Backend)</strong></p> <p><strong>Чем предстоит заниматься:</strong></p> <ul> <li>Разрабатывать backend часть для веб и мобильных приложений</li> <li>Поддерживать серверную часть существующих приложений</li> <li>Конструктивно взаимодействовать в команде</li> </ul> <p><strong>Ты нам подходишь, если:</strong></p> <ul> <li>Знаешь хотя-бы один из серверных языков (NodeJS, Python, PHP, Ruby)</li> <li>Умеешь писать простой и понятный код, следуя принятой методологии</li> <li>Понимаешь принципы ООП</li> <li>Умеешь разбираться в чужом коде</li> </ul> <p><strong>Будет круто, если:</strong></p> <ul> <li>Имеешь какой-то опыт разработки backend систем</li> <li>Знаком с какой-то системой контроля версий</li> <li>Работал с API внешних сервисов</li> </ul> <p><strong>Условия:</strong></p> <ul> <li>Работа в скрам-команде</li> <li>гибкий график, полная занятость</li> <li>Офис в БЦ Альянс, центр города</li> </ul> <p><strong>Сайт компании: http://kfactor.ru/</strong></p>",Полная занятость,Полный день,От 1 года до 3 лет,|Node.js|Python|PHP|Ruby|Java|C#|Django Framework|C++|MS SQL Server|SQL|Управление проектами|ООП|Ruby On Rails,3.0,70000.0,1.0,35000.0,web,"Знаешь хотя-бы один из серверных языков (NodeJS, Python, PHP, Ruby). Умеешь писать простой и понятный код, следуя принятой методологии. ",Разрабатывать backend часть для веб и мобильных приложений. Поддерживать серверную часть существующих приложений. Конструктивно взаимодействовать в команде. Имеешь какой-то...
Тюмень,Диджитал Агентство,2019-09-13T09:20:32+0300,"<p>Компания DigitalSmart приглашает на вакансию «Младший Web-программист» всех желающих, выпускников ВУЗов, имеющих техническое образование и навыки программирования, а главное желающих профессионально развиваться в сфере Web-разработки и программирования.</p> <p><strong>Обязанности:</strong></p> <ul> <li>Участие в разработке и обновлении сайтов</li> <li>Верстка страниц по дизайн-макетам</li> <li>Верстка писем для рассылки</li> <li>Разработка функционала в рамках поставленных задач (CSS, HTML, JS, PHP, jQuery, 1C-Битрикс)</li> <li>E-mail рассылка</li> <li>Наполнение сайтов контентом</li> <li>Выполнение задач по seo-оптимизации</li> </ul> <p><strong>Требования:</strong></p> <ul> <li>Знание CSS, HTML, JS</li> <li>Желание вникать в бизнес-логику выполняемых задач</li> <li>Умение действовать самостоятельно</li> <li>Плюсом будет знание PHP, jQuery, 1C-Битрикс</li> <li>Приветствуется умение работать с git, composer</li> <li>Ответственность, коммуникабельность, желание обучаться и вникать в задачи</li> </ul> <p><strong>Мы предлагаем:</strong></p> <ul> <li>Стажировка 2 недели;</li> <li>Условия работы в рамках ТК РФ (28 дней оплачиваемого отпуска, больничные дни);</li> <li>Профессиональный рост в дружном, молодом коллективе;</li> <li>Работа с самыми масштабными проектами Тюмени;</li> <li>Офис в историческом центре города;</li> <li>Оборудованное, комфортное рабочее место;</li> <li>График работы 5/2, с 10:00 до 19:00</li> <li>На территории работодателя</li> <li>Работа над интересными проектами</li> <li>Возможность профессионального и карьерного роста</li> <li>Наставничество и обучение от профессиональных разработчиков</li> <li>Испытательный срок 2 месяца</li> </ul>",Полная занятость,Полный день,Нет опыта,|Веб-программирование,,,,20000.0,web,"Знание CSS, HTML, JS. Желание вникать в бизнес-логику выполняемых задач. Умение действовать самостоятельно. Плюсом будет знание PHP, jQuery, 1...",Участие в разработке и обновлении сайтов. Верстка страниц по дизайн-макетам. Верстка писем для рассылки. Разработка функционала в рамках поставленных...
Тюмень,Легаси,2019-09-23T08:46:16+0300,"<p><strong>Что нужно делать:</strong></p> <p>Нам нужен человек, который возьмет на себя часть задач разработчиков. Чаще всего необходимо разрабатывать интернет-магазины, маркетплейсы, B2B-порталы по конкретным ТЗ, написанными техническими специалистами. Иногда будут задачи по доработкам уже существующих проектов.</p> <p>В работе мы ждем от вас ответственности, самостоятельности, внимательности и аккуратности. Если столкнетесь с чем то сложным и решения не будет в наших внутренних документах не бойтесь обратиться к коллегам за помощью.</p> <p> </p> <p><strong>Какие требования:</strong></p> <ul> <li> <p>уверенные знания HTML, CSS, JavaScript</p> </li> <li> <p>использование препроцессоров SASS/SCSS</p> </li> <li> <p>Gulp/webpack</p> </li> <li> <p>опыт работы с Git/Git-flow</p> </li> <li> <p>хорошее понимание ООП, опыт его использования</p> </li> <li> <p>знание одного из фреймворков, желательно vue.js</p> </li> </ul> <p> </p> <p><strong>Условия работы:</strong></p> <ul> <li> <p>Профессиональная команда. Будет у кого поучиться новым технологиям, практикам и инструментам</p> </li> <li> <p>Если требуется, покупаем новые инструменты для повышения эффективности работы</p> </li> <li> <p>Опыт работы в реальных проектах федерального масштаба: интернет-магазины, маркетплейсы, B2B-порталы.</p> </li> <li> <p>Отличная рабочая атмосфера без дресс-кода и лишней бюрократии</p> </li> <li> <p>Рабочая станция с SSD-диском и двумя мониторами</p> </li> <li> <p>Работа в комфортном офисе рядом с перекрёстком ул. Мельникайте/50 лет Октября. До офиса удобно добираться на автобусе из любого района города, остановки рядом. Есть парковки для автомобилей</p> </li> <li> <p>В офисе отдельный кабинет формата переговорка/кухня: холодильник, кофемашина, микроволновка, чайник, печеньки. Чистая питьевая бутилированная вода. Большие окна, свежий воздух, тишина</p> </li> <li> <p>График работы обсуждаем: 5/2, 8-часовой рабочий день в период с 9-00 до 22-00</p> </li> <li> <p>Рядом: множество заведений общепита, тренажёрный зал, парикмахерская</p> </li> <li> <p>Официальное оформление по ТК РФ с записью в трудовой книжке</p> </li> <li> <p>Оплачиваемый испытательный срок 3 месяца. Обучаем в период испытательного срока</p> </li> </ul> <p> </p> <p><strong>Дополнительные инструкции</strong></p> <ul> <li>После отклика нужно будет заполнить небольшую анкету</li> </ul> <p> </p> <p> </p> <p><strong>9 преимуществ работы в компании Legacy:</strong></p> <ol> <li> <p>Вы устроитесь в нашу компанию и уже через 1 год получите компетенции для участия в крупных технологичных проектах.</p> </li> <li> <p>Разработаете минимум 12 проектов, получите квалификацию и опыт, которые пополнят портфолио.</p> </li> <li> <p>Работа в команде с другими людьми (аналитики, проектировщики, дизайнеры, специалисты по продвижению), которые подпитывают новыми знаниями.</p> </li> <li> <p>Сформированные рабочие процессы (проект разрабатывается плавно и прогнозируемо). Возможность влиять на процессы в компании (по окончанию каждого проекта работаем над ошибками).</p> </li> <li> <p>Составляем личный план развития + старший товарищ, который поможет.</p> </li> <li> <p>Современные инструменты для управления проектами. Вы научитесь работать с передовыми инструментами.</p> </li> <li> <p>Компания оплачивает учёбу и сертификацию.</p> </li> </ol>",Полная занятость,Полный день,От 1 года до 3 лет,|Веб разработка|Backend development|PHP|1С-Битрикс|JavaScript|Git|PostgreSQL|ООП|MySQL|Веб-программирование|Bitrix|SQL|Ajax,3.0,80000.0,1.0,25000.0,web,"В работе мы ждем от вас ответственности, самостоятельности, внимательности и аккуратности. Если столкнетесь с чем то сложным и решения не...","Дополнительные инструкции. Работа в команде с другими людьми (аналитики, проектировщики, дизайнеры, специалисты по продвижению), которые подпитывают новыми знаниями. "
Тюмень,Ремарк,2019-10-11T08:25:44+0300,"<p>Ищем верстальщика / фронтендера.</p> <p><strong>Задачи</strong></p> <p>Верстка сайтов по макетам, программирование браузерной логики. Поддержка и создание крупных проектов, командная работа с дизайнером, менеджерами, бэкенд-программистами. Все прелести «взрослой» коммерческой разработки.</p> <p><strong>Требования</strong></p> <ul> <li>Хорошие знания HTML, CSS и JavaScript</li> <li>Опыт работы с JavaScript библиотеками и фреймворками</li> <li>Обучаемость и желание развиваться в сфере</li> <li>Ответственность, готовность к работе в команде</li> </ul> <p><strong>Приветствуется</strong></p> <ul> <li>Опыт работы с препроцессорами, системами сборки</li> <li>Умение работать с системами контроля версий</li> <li>Внимание к мелочам и чувство прекрасного</li> </ul> <p><strong>Мы предлагаем</strong></p> <p>— Лофт - офис в центре города</p> <p>— 5/2, гибкий график</p> <p>— Оформление по ТК РФ</p> <p><strong>С нами хорошо по многим причинам:</strong></p> <ul> <li> <p>Интересные проекты и возможность проводить эксперименты;</p> </li> <li> <p>Планерки на открытом воздухе;</p> </li> <li> <p>Коллектив, в котором уважают личные границы и мнение человека (если бы сами могли к себе устроиться, то сделали бы это);</p> </li> <li> <p>Корпоративы, настольные игры и вкусняшки прилагаются.</p> </li> </ul> <p><strong>Бонус профессионалам.</strong></p> <p>Готовы обсудить индивидуальные условия работы для особо опытных кандидатов.</p> <p> </p> <p><strong>Что делать, если не уверены в своих силах знаниях?</strong></p> <p>Высылайте резюме с кратким письмом, из которого мы сможем понять ваши сильные стороны. Некоторых мы сможем принять на стажировку.</p> <p> </p> <p><strong>Напоследок— пара слов о «Ремарк». Работаем с 2007 года. Выполнили 300+ проектов. Есть интересные результаты.</strong></p> <p>— ТОП-5 интегратор CRM в УрФО</p> <p>— лидер продаж 1С-Битрикс №20 в России в 2014 году;</p> <p>— дважды лидер продаж готовых решений 1С-Битрикс в России;</p> <p>— организатор более 25 семинаров в Тюмени;</p> <p>— команда по парусному спорту;</p> <p>— автор популярного в мире чат-бота в маркетплейсе Битрикс24: CRMbot;</p> <p>— автор сервиса Докс.Онлайн.</p> <p>Среди наших клиентов: застройщики ГК «ТИС», «Меридиан» «Б-72», «Сибстройсервис», «4D Development», ПСК «Дом», «ЖБИ-5», «ИССС», «СтройМир», «Отделочник-20»; сетевой ритейл «Строительный двор», «Крепыж», «Южный», «Bona Dea», «Арсенал+», «Podari-ka», «Disney», «Samsung», «LEGO», «DOCK store»; автодилер «Базис-Моторс»; агрохолдинг «Юбилейный»; ресторанный холдинг «МаксиМ», Инвестиционное агентство Тюменской области и другие проекты.</p>",Полная занятость,Полный день,От 1 года до 3 лет,,3.0,,1.0,30000.0,web,"Хорошие знания HTML, CSS и JavaScript. Опыт работы с JavaScript библиотеками и фреймворками. Обучаемость и желание развиваться в сфере. ","Верстка сайтов по макетам, программирование браузерной логики. Поддержка и создание крупных проектов, командная работа с дизайнером, менеджерами, бэкенд-программистами. "
Тюмень,Строительный Двор,2019-10-04T11:58:34+0300,"<p><em><strong>Строительный Двор - крупнейший поставщик строительных и отделочных материалов с 1993 года!</strong></em><br /><em><strong>16 городов, 54 розничных магазинов, более 2 000 сотрудников.</strong><br /><br />У нас микросервисная архитектура и agile подход к разработке,<br />нет менеджеров и начальников, у нас есть самоорганизованные команды!<br />Открытость экспериментам и новым инструментам!</em></p> <p><em>Мы любим web и у нас всегда есть интересные задачи!</em><br /><br /><strong>Тебе предстоит решать следующие задачи:</strong></p> <ul> <li>разработка бизнес-систем (автоматизация бизнес-процессов);</li> <li>оптимизация сервисов под высокие нагрузки;</li> <li>проектирование и реализация веб и API-сервисов;</li> <li>работа над веб-сервисами: доработка существующих и написание новых;</li> <li>написание unit и интеграционных тестов;</li> <li>отладка, рефакторинг и документация кода.</li> </ul> <p><strong>Опыт и навыки, на которые мы рассчитываем:</strong></p> <ul> <li>опыт в разработке на python от 1 года;</li> <li>опыт веб-разработки бэкендов на коммерческих сайтах;</li> <li>уверенное знание: HTML‚ CSS‚ Javascript (jQuery)‚ PHP (ООП)‚ MySQL‚ Ajax‚ JSON‚ XML, python, ruby, perl;</li> <li>аналитический склад ума;</li> <li>умение разбираться в чужом коде и работать с ним;</li> <li>умение работать в команде;</li> <li>ожидается высокая самостоятельность в ходе решения технических проблем.</li> </ul> <p><strong>Будет идеально:</strong></p> <ul> <li>опыт работы с Django;</li> <li>широкий ИТ-кругозор, знание технологий, программных продуктов;</li> </ul> <p><strong>Условия:</strong></p> <ul> <li>официальная заработная плата, уровень обсуждается на собеседовании;</li> <li>свободный график работы;</li> <li>официальное трудоустройство;</li> <li>современный классный офис со своей столовой;</li> <li>насыщенная корпоративная жизнь;</li> <li>дополнительный официальный день отпуска за каждый год работы в компании.</li> </ul> <p><br /><strong>Стань частью нашей команды !<br />Мы ждём твоё резюме!</strong></p> <ul> </ul>",Полная занятость,Полный день,Нет опыта,|HTML|CSS|MySQL|PHP|XML|Python|Ajax,,100000.0,,60000.0,web,Опыт в разработке на python от 1 года. Опыт веб-разработки бэкендов на коммерческих сайтах. Уверенное знание: HTML‚ CSS‚ Javascript...,Разработка бизнес-систем (автоматизация бизнес-процессов). Оптимизация сервисов под высокие нагрузки. Проектирование и реализация веб и API-сервисов. 
Тюмень,Строительный Двор,2019-10-07T07:52:54+0300,"<p><em><strong>Строительный Двор - крупнейший поставщик строительных и отделочных материалов с 1993 года!</strong></em><br /><em><strong>16 городов, 54 розничных магазинов, более 2 000 сотрудников.</strong><br /><br />У нас микросервисная архитектура и agile подход к разработке,<br />нет менеджеров и начальников, у нас есть самоорганизованные команды!<br />Открытость экспериментам и новым инструментам!<br /><br />Мы любим web и у нас всегда есть интересные задачи!</em></p> <p><strong>Мы ожидаем, что Вы имеете:</strong></p> <ul> <li>опыт коммерческой разработки на языке Python от 2-х лет;</li> <li>практический опыт работы с операционными системами семейства *nix;</li> <li>опыт работы с рялеционными СУБД (в приоритете PostgreSQL), умение писать сложные запросы и оптимизировать их, понимание что такое материализованные представления и с чем их едят;</li> <li>опыт проектирования высоконагруженных сервисов, понимание принципов их построения;</li> <li>уверенное знание парадигмы ООП и паттернов проектирования;</li> <li>опыт работы с Celery, Redis, Rabbit и умение их настроить;</li> <li>опыт работы с Django / Flask / aio-http;</li> <li>умение применять асинхронные / многопоточные подходы в разработке;</li> <li>умение правильно настроить кэши;</li> <li>опыт в сфере DevOps (мы используем Kubernetes, GitLab CI).</li> </ul> <p><strong>Дополнительным плюсом будет:</strong></p> <ul> <li>опыт работы с Java, Golang, Node.js.</li> </ul> <p><strong>Будущие задачи:</strong></p> <ul> <li>качественное и своевременное исполнение задач web-проекта;</li> <li>поддержка и доработка уже существующих сайтов;</li> <li>оптимизация БД и запросов‚ сопровождение существующего кода.</li> </ul> <p><strong>Условия:</strong></p> <ul> <li>официальная заработная плата, уровень обсуждается на собеседовании;</li> <li>свободный график работы;</li> <li>официальное трудоустройство;</li> <li>современный классный офис со своей столовой;</li> <li>насыщенная корпоративная жизнь;</li> <li>дополнительный официальный день отпуска за каждый год работы в компании.</li> </ul> <p> </p> <p><strong>Стань частью нашей команды !<br />Мы ждём твоё резюме!</strong></p>",Полная занятость,Гибкий график,От 1 года до 3 лет,,3.0,,1.0,50000.0,web,Опыт коммерческой разработки на языке Python от 2-х лет. Практический опыт работы с операционными системами семейства *nix. ,Качественное и своевременное исполнение задач web-проекта. Поддержка и доработка уже существующих сайтов. Оптимизация БД и запросов‚ сопровождение существующего кода.
Тобольск,Строительный Двор,2019-10-07T07:52:54+0300,"<p><em><strong>Строительный Двор - крупнейший поставщик строительных и отделочных материалов с 1993 года!</strong></em><br /><em><strong>16 городов, 54 розничных магазинов, более 2 000 сотрудников.</strong><br /><br />У нас микросервисная архитектура и agile подход к разработке,<br />нет менеджеров и начальников, у нас есть самоорганизованные команды!<br />Открытость экспериментам и новым инструментам!</em></p> <p><em>Мы любим web и у нас всегда есть интересные задачи!</em><br /><br /><strong>Тебе предстоит решать следующие задачи:</strong></p> <ul> <li>разработка бизнес-систем (автоматизация бизнес-процессов)</li> <li>оптимизация сервисов под высокие нагрузки</li> <li>проектирование и реализация веб и API-сервисов</li> <li>работа над веб-сервисами: доработка существующих и написание новых</li> <li>написание unit и интеграционных тестов</li> <li>отладка, рефакторинг и документация кода</li> </ul> <p><strong>Опыт и навыки, на которые мы рассчитываем:</strong></p> <ul> <li>опыт в разработке на python от 1 года;</li> <li>опыт веб-разработки бэкендов на коммерческих сайтах;</li> <li>уверенное знание: HTML‚ CSS‚ Javascript (jQuery)‚ PHP (ООП)‚ MySQL‚ Ajax‚ JSON‚ XML, python, ruby, perl;</li> <li>аналитический склад ума;</li> <li>умение разбираться в чужом коде и работать с ним;</li> <li>умение работать в команде;</li> <li>ожидается высокая самостоятельность в ходе решения технических проблем.</li> </ul> <p><strong>Будет идеально:</strong></p> <ul> <li>опыт работы с Django;</li> <li>широкий ИТ-кругозор, знание технологий, программных продуктов.</li> </ul> <p><strong>Мы предлагаем:</strong></p> <ul> <li>официальная заработная плата, уровень обсуждается на собеседовании;</li> <li>свободный график работы;</li> <li>официальное трудоустройство;</li> <li>дополнительный официальный день отпуска за каждый год работы в компании.</li> </ul> <p><br /><strong>Стань частью нашей команды!<br />Мы ждём твоё резюме!</strong></p> <ul> </ul>",Полная занятость,Полный день,Нет опыта,,,100000.0,,60000.0,web,Опыт в разработке на python от 1 года. Опыт веб-разработки бэкендов на коммерческих сайтах. Уверенное знание: HTML‚ CSS‚ Javascript...,Разработка бизнес-систем (автоматизация бизнес-процессов). Оптимизация сервисов под высокие нагрузки. Проектирование и реализация веб и API-сервисов. 
Тюмень,Ремарк,2019-10-11T08:25:44+0300,"<p><strong>Задачи</strong></p> <p>Программирование веб-сайтов: интернет-магазины, корпоративные сайты.</p> <p>Поддержка и создание крупных проектов, командная работа с дизайнером, менеджерами и другими программистами. В</p> <p>Бэкенд на 1С-Битрикс. Исключения редки, но бывают.</p> <p><strong>Требования</strong></p> <p>— Знание PHP на хорошем уровне</p> <p>— Опыт работы с чужим кодом</p> <p>— HTML, CSS, JavaScript на базовом уровне</p> <p>— Понимание работы сетевых технологий</p> <p>— Умение работать с Git’ом</p> <p>— Обучаемость и желание развиваться в сфере</p> <p>— Ответственность, готовность к работе в команде</p> <p><strong>Приветствуется</strong></p> <p>— Умение работать с Linux</p> <p>— Знание других языков программирования</p> <p>— Навыки работы с 1С-Битрикс</p> <p>— Опыт разработки своих проектов на PHP</p> <p>— Опыт коммерческой разработки</p> <p><strong>Мы предлагаем</strong></p> <p>— Лофт - офис в центре города</p> <p>— 5/2, гибкий график</p> <p>— Оформление по ТК РФ</p> <p><strong>С нами хорошо по многим причинам:</strong></p> <ul> <li> <p>Интересные проекты и возможность проводить эксперименты;</p> </li> <li> <p>Планерки на открытом воздухе;</p> </li> <li> <p>Коллектив, в котором уважают личные границы и мнение человека (если бы сами могли к себе устроиться, то сделали бы это);</p> </li> <li> <p>Корпоративы, настольные игры и вкусняшки прилагаются.</p> </li> </ul> <p><strong>Бонус профессионалам</strong></p> <p>Готовы обсудить индивидуальные условия работы для особо опытных кандидатов.</p> <p> </p> <p><strong>Что делать, если не уверены в своих силах знаниях?</strong></p> <p>Высылайте резюме с кратким письмом, из которого мы сможем понять ваши сильные стороны. Некоторых мы сможем принять на стажировку.</p> <p> </p> <p><strong>Напоследок— пара слов о «Ремарк». Работаем с 2007 года. Выполнили 300+ проектов. Есть интересные результаты.</strong></p> <p>— ТОП-5 интегратор CRM в УрФО</p> <p>— лидер продаж 1С-Битрикс №20 в России в 2014 году;</p> <p>— дважды лидер продаж готовых решений 1С-Битрикс в России;</p> <p>— организатор более 25 семинаров в Тюмени;</p> <p>— команда по парусному спорту;</p> <p>— автор популярного в мире чат-бота в маркетплейсе Битрикс24: CRMbot;</p> <p>— автор сервиса Докс.Онлайн.</p> <p>Среди наших клиентов: застройщики ГК «ТИС», «Меридиан» «Б-72», «Сибстройсервис», «4D Development», ПСК «Дом», «ЖБИ-5», «ИССС», «СтройМир», «Отделочник-20»; сетевой ритейл «Строительный двор», «Крепыж», «Южный», «Bona Dea», «Арсенал+», «Podari-ka», «Disney», «Samsung», «LEGO», «DOCK store»; автодилер «Базис-Моторс»; агрохолдинг «Юбилейный»; ресторанный холдинг «МаксиМ», Инвестиционное агентство Тюменской области и другие проекты.</p>",Полная занятость,Полный день,От 1 года до 3 лет,|PHP|HTML|JavaScript|MySQL|CSS|jQuery|SQL|CSS3|HTML5|1С-Битрикс|PHP5|ООП|Bootstrap,3.0,80000.0,1.0,35000.0,web,"Знание PHP на хорошем уровне. — Опыт работы с чужим кодом. — HTML, CSS, JavaScript на базовом уровне. — Понимание работы сетевых технологий. — ","Программирование веб-сайтов: интернет-магазины, корпоративные сайты. Поддержка и создание крупных проектов, командная работа с дизайнером, менеджерами и другими программистами. "
Тюмень,IT2G,2019-10-11T00:01:35+0300,"<p><strong>Обязанности</strong><strong>:</strong></p> <ul> <li> <p>разработка задач в рамках релизных/проектных планов работ.</p> </li> <li> <p>проектирование и разработка новых функциональных возможностей системы.</p> </li> <li> <p>оптимизация постановок по отношению к существующей архитектуре системы.</p> </li> <li> <p>рефакторинг кода.</p> </li> <li> <p>контроль интеграционных зависимостей со смежными ИС.</p> </li> <li> <p>участие в проектировании архитектуры приложений.</p> </li> <li> <p>написание unit-тестов.</p> </li> <li> <p>подготовка JavaScript-тестов (Jasmine/Karma/…).</p> </li> </ul> <p><br /><strong>Требования:</strong></p> <ul> <li> <p>опыт от 1 года.</p> </li> <li> <p>react angular vue js</p> </li> <li> <p>javaScript ES6+</p> </li> <li> <p>typeScript.</p> </li> <li> <p>базовые парадигмы ООП</p> </li> <li> <p>использование модульного/компонентного подхода в разработке</p> </li> <li> <p>CSS, Html, Bootstrap, верстка на flex, grid</p> </li> <li> <p>Gulp, Webpack, Npm, YARN</p> </li> <li> <p>понимание архитектуры REST</p> </li> <li> <p>разработка Unit-тестов</p> </li> </ul> <p><br /><strong>Взамен мы предлагаем:</strong></p> <ul> <li> <p>молодой и дружный коллектив;</p> </li> <li> <p>график работы: 5/2 с 9.00 до 18.00 с возможностью его сдвигать;</p> </li> <li> <p>оформление в строгом соответствии ТК РФ;</p> </li> <li> <p>оклад + полугодовые премии</p> </li> <li> <p>спортивные и культурные мероприятия;</p> </li> <li> <p>возможность кадрового и экспертного роста;</p> </li> <li> <p>компенсации и Льготы</p> <ul> <li> <p>мотивационная программа признания заслуг</p> </li> <li> <p>оплата мобильной связи</p> </li> </ul> </li> <li> <p>обучение в индивидуальном и корпоративном форматах</p> </li> </ul> <p><br /><strong>Условия:</strong></p> <ul> <li> <p>полный рабочий день.</p> </li> <li> <p>конкурентоспособная заработная плата по результатам собеседования.</p> </li> <li> <p>оформление по ТК РФ.</p> </li> </ul>",Полная занятость,Полный день,От 1 года до 3 лет,|AngularJS|Git|JavaScript|React|Redux|VueJS|Angular|webpack|npm|yarn|REST|TypeScript|ES6+|Gulp,3.0,,1.0,,web,Опыт от 1 года. React angular vue js. JavaScript ES6+. TypeScript. Базовые парадигмы ООП. Использование модульного/компонентного подхода...,Разработка задач в рамках релизных/проектных планов работ. Проектирование и разработка новых функциональных возможностей системы. Оптимизация постановок по отношению к...
Тюмень,"ХОСТ, Группа компаний",2019-09-20T08:05:22+0300,"<p>Группа Компаний ХОСТ – федеральный системный интегратор и разработчик программного обеспечения. Входит в ТОП-100 крупнейших IT-компаний России.</p> <p>Наша Команда ищет опытного Frontend-разработчика для работы над масштабными социально-значимыми проектами.</p> <p>Одним из таких проектов является платформа «МедВедь». Это комплекс информационных систем для автоматизации работы органов управления здравоохранением и предоставления электронных услуг населению.</p> <p><strong>Задачи:</strong></p> <ul> <li>разработка новых и развитие существующих веб-сервисов;</li> <li>переписать фронт-часть существующих систем (мы переходим на новый технологический стек).</li> </ul> <p><strong>Требования:</strong></p> <ul> <li>Опыт программирования от 1 года;</li> <li>Знание технологий программирования JavaScript, HTML, СSS (Sass/Scss, Less);</li> <li>Опыт работы с Angular framework v4+;</li> <li>Умение работать с системой контроля версий GIT.</li> </ul> <p><strong>Мы предлагаем:</strong></p> <ul> <li>Возможность удаленной работы, гибкие начало и окончание рабочего дня;</li> <li>Полноценную проектную команду: менеджер проектов, аналитик, разработчики, тестировщик, технический писатель;</li> <li>Внутреннее и внешнее обучение;</li> <li>Заботу компании о своих сотрудниках (ДМС, софинансирование спорта и изучения иностранных языков, дополнительно 7 дней социального отпуска);</li> <li>Уровень заработной платы обсуждается индивидуально и зависит от уровня компетенций.</li> </ul>",Полная занятость,Полный день,От 1 года до 3 лет,|JavaScript|HTML|CSS|Git|AngularJS|Less|Sass,3.0,,1.0,60000.0,web,"Опыт программирования от 1 года. Знание технологий программирования JavaScript, HTML, СSS (Sass/Scss, Less). Опыт работы с Angular framework v...",Разработка новых и развитие существующих веб-сервисов. Переписать фронт-часть существующих систем (мы переходим на новый технологический стек).
Тюмень,Международный институт дополнительного образования,2019-10-08T14:19:28+0300,"<p><strong>Международный институт дополнительного образования </strong>в связи с расширением отдела digital-маркетинга приглашает в свою команду <strong>программиста. </strong>Работа удаленно, но с обязательным посещением офиса 1 раз в неделю (обсуждение задач, оценка результатов).</p> <p><strong>Ключевые задачи:</strong></p> <ul> <li>разработка новых и поддержка существующих проектов на Bitrix,</li> <li>оптимизация сайтов под требования поисковых систем (скорость загрузки, структура и т.д.),</li> <li>верстка сайтов по макетам,</li> <li>участие в проектах по автоматизации бизнес-процессов компании (написание скриптов php),</li> </ul> <p><strong>Для участия в наших проектах Вам потребуется:</strong></p> <ul> <li>Уверенные знания PHP,</li> <li>Опыт написания сложных SQL-запросов,</li> <li>Хорошие знания HTML5, CSS3, JS,</li> <li>Умение работать с чужим кодом,</li> <li>Навыки подключения плагинов, программирования форм,</li> <li>Навыки оптимизации сайтов под требования поисковых систем (скорость загрузки, структура и т.д.),</li> <li>Опыт работы с 1С Bitrix.</li> </ul> <p><strong>Мы предлагаем:</strong></p> <ul> <li>работу по договору ГПХ,</li> <li>интересные задачи и всестороннюю поддержку развития вашего потенциала,</li> <li>уровень оплаты труда обсуждается по итогам личного собеседования (укажите, пожалуйста, желаемый уровень в резюме или сопроводительном письме).</li> </ul>",Полная занятость,Удаленная работа,От 3 до 6 лет,|PHP|SQL|HTML5|CSS3,6.0,,3.0,,web,"Уверенные знания PHP. Опыт написания сложных SQL-запросов. Хорошие знания HTML5, CSS3, JS. Умение работать с чужим кодом. ","Разработка новых и поддержка существующих проектов на Bitrix. Оптимизация сайтов под требования поисковых систем (скорость загрузки, структура и т.д.). "
Тюмень,Креатив,2019-10-01T15:13:39+0300,"<strong>Обязанности:</strong> <ul> <li>Программирование и поддержка сайтов (отдельно backend, отдельно frontend, либо full-stack).</li> </ul> <strong>Требования к стеку:</strong> <p> </p> <p>Backend:</p> <ul> <li>PHP 5 и 7, 1С Битрикс &quot;Управление сайтом&quot;, Yii, Laravel.</li> <li>SQL: реляционные базы данных, составление запросов, MySql (MariaDb, PerconaDb).</li> <li>Серверное окружение: LAMP, nginx + php-fpm + mysql.</li> <li>Html-верстка: html5, css3, кроссбраузерная верстка (webkit, gecko, ie =&gt; 10),</li> <li>Пользовательские скрипты: javascript (ECMAScript 6), jquery.</li> <li>Git-репозитории.</li> </ul> <p>Frontend:</p> <ul> <li>JavaScript,</li> <li>es6,</li> <li>Sass/Stylus,</li> <li>Pug,</li> <li>Gulp/Webpack,</li> <li>Git-репозитории,</li> <li>именования по БЕМу,</li> <li>Фреймворки Angular/React/Vue</li> <li>Хорошо если Node.js</li> </ul> <p>Плюсы к карме:</p> <ul> <li>Опыт коммерческой разработки;</li> <li>Опыт настройки и администрирования серверного ПО.</li> </ul> <strong>Условия:</strong> <ul> <li>Работа в офигенном офисе, иногда можно из дома;</li> <li>Масштабные и интересные проекты (90% МСК, Питер, зарубежье);</li> <li>Развитие за счет компании (английский прямо в офисе, пятничные лекции, посещение крупных конференций, внутреннее обучение и т.п.);</li> <li>Помощь команды;</li> <li>Проектная работа через систему Битрикс24;</li> <li>Оборудованное рабочее место, необходимая литература, кофе, чай, сахар, греча, крупы;</li> <li>Отсутствие дресс-кода, можно ходить в домашних тапочках, как многие и делают.</li> </ul>",Полная занятость,Полный день,От 1 года до 3 лет,|PHP|1С-Битрикс|Yii|Laravel|JavaScript|jQuery|HTML|CSS|SQL|ReactJS|AngularJS|VueJS|Git|ООП|Symfony,3.0,110000.0,1.0,40000.0,web,"PHP 5 и 7, 1С Битрикс &quot;Управление сайтом&quot;, Yii, Laravel. SQL: реляционные базы данных, составление запросов, MySql (MariaDb, PerconaDb). ","Программирование и поддержка сайтов (отдельно backend, отдельно frontend, либо full-stack)."
Тюмень,Минт Рокет,2019-09-12T11:58:57+0300,"<p><strong>Что нам нужно:</strong></p> <ul> <li>Опыт разработки от 1 года;</li> <li>Знание PHP;</li> <li>Опыт работы с фреймворком Laravel;</li> <li>Понимание клиент-серверной архитектуры;</li> <li>Взаимодействие с API различных сервисов;</li> <li>Разработка и поддержка собственного API (JSON/XML);</li> <li>Опыт работы с frontend - фреймворками Vue.js или React.js;</li> <li>Знание MySQL;</li> <li>Работа с системами контроля версий (Git);</li> <li>Основы работы с UNIX-системами;</li> </ul> <p><strong>Что нужно будет делать:</strong></p> <p>Участвовать в разработке API для мобильных платформ, веб-сервисов, чат-ботов, интеграции сложных систем.</p> <p><strong>Что мы предлагаем:</strong></p> <ul> <li>Вы сможете увидеть результаты своей работы практически сразу после выполнения задачи, почувствовать себя действительно важным участником проекта, от работы которого зависит успех всей компании;</li> <li>В зависимости от вашего опыта, возможностей и амбиций мы можем предложить, как простые, так и задачи архитектурного и инфраструктурного характеров.</li> </ul> <p><strong>Бонусы:</strong></p> <ul> <li>Коллеги, открытые к коммуникациям, которые помогут в работе и адаптации на новом месте;</li> <li>Пятидневная рабочая неделя: с 9:00 до 18:00 (по согласованию можно менять график);</li> <li>Изучение новых технологий на практике;</li> <li>Кофе, печеньки;</li> <li>Интересные и сложные задачи;</li> <li>Возможность роста и курирования IT проектов.</li> </ul>",Полная занятость,Удаленная работа,От 1 года до 3 лет,|Git|PostgreSQL|Linux|Nginx|PHP|Laravel|Yii2|MySQL,3.0,130000.0,1.0,,web,Опыт разработки от 1 года. Знание PHP. Опыт работы с фреймворком Laravel. Понимание клиент-серверной архитектуры. Опыт работы с frontend...,Взаимодействие с API различных сервисов. Разработка и поддержка собственного API (JSON/XML). Работа с системами контроля версий (Git). 
Тюмень,Ай Кью Онлайн,2019-10-09T12:39:33+0300,"<p><strong>IQ Online - </strong>это команда из 55+ маркетологов, специалистов по рекламе и SEO, аналитиков, дизайнеров, веб-разработчиков, копирайтеров, специалистов по работе с клиентами. Нашим клиентам мы полезны как вовлеченный партнер, увеличивающий количество входящих лидов и клиентов для отдела продаж.</p> <p><strong>Кому может быть интересно:</strong></p> <p>Начинающему, перспективному backend-разработчику с базовыми знаниями программирования, который действительно хочет развиваться в данном направлении и видит в нем свое профессиональное будущее.</p> <p><strong>Обязанности:</strong></p> <ul> <li>развитие своих профессиональных навыков</li> <li>доработка существующего функционала на разных CMS</li> <li>внедрение нового функционала на существующих сайтах</li> <li>написание собственных простых интерфейсов взаимодействия с пользователями (форм, галерей)</li> </ul> <p><strong>Требования:</strong></p> <ul> <li>высшее профильное образование (также рассматриваем талантливых студентов последнего курса)</li> <li>знания PHP, MySQL</li> <li>начальные знания HTML5‚ CSS3, jQuery, JavaScript</li> <li>внимательность</li> <li>желание обучаться новому</li> </ul> <p><strong>Большим плюсом будет:</strong></p> <ul> <li>умение разбираться в чужом коде</li> <li>опыт работы с API внешних сервисов</li> <li>понимание принципов ООП</li> <li>опыт работы с любой из CMS: 1С-Битрикс, WP, Joomla, Drupal, ModX, OpenCart</li> <li>опыт работы с Git</li> </ul> <p><strong>IQ Online в рейтингах:</strong></p> <ul> <li>Входим в Золотую Сотню российского Digital 2015, по версии Ruward</li> <li>Золотой партнер 1С-Битрикс</li> <li>Первое место в рейтинге лучших SEO-компаний Тюмени 201, Рейтинг Рунета</li> <li>ТОП 30 в рейтинге лучших SEO-компаний России 2018, Рейтинг Рунета</li> <li>ТОП 30 в рейтинге сертифицированных агентств Яндекс. Директ 2017</li> <li>ТОП 40 в едином рейтинге агентств контекстной рекламы 2017</li> </ul> <p><strong>Что тебя ждет у нас:</strong></p> <ul> <li>работа в ведущем, сертифицированном интернет-агентстве Тюменской области</li> <li>возможность обучаться у специалистов высокого уровня с реальным опытом разработки и поддержки проектов федерального масштаба</li> <li>обучение, помощь наставника при трудоустройстве и на начальных этапах работы</li> <li>много возможностей для самореализации, участие в разработке крупных и интересных проектов</li> <li>карьерный рост, профессиональное развитие (все зависит лишь от твоего упорства, сообразительности и ответственности)</li> <li>нормальный график работы (5/2 ,с 9-00 до 18-00 - можно корректировать по желанию)</li> <li>офис с панорамными окнами в бизнес-центре &quot;Нобель Парк&quot;</li> <li>здоровая атмосфера в коллективе и адекватное руководство, всегда готовое к конструктивному диалогу</li> </ul> <p><strong>P.S. </strong> Уровень заработной платы обсуждается индивидуально на собеседовании, зависит от начального уровня твоих знаний и умений.</p> <p>Мы готовы принять в команду талантливых студентов 5 курса (либо выпускников бакалавриата), имеющих опыт разработки, стремящихся развиваться и добиваться успеха в профессии веб-разработчика.</p> <p> </p> <p> </p> <p> </p> <p> </p> <p> </p> <p> </p> <p> </p>",Стажировка,Полный день,Нет опыта,|PHP|MySQL|HTML5|CSS3|jQuery|JavaScript,,,,,web,"Высшее профильное образование (также рассматриваем талантливых студентов последнего курса). Знания PHP, MySQL. Начальные знания HTML5‚ CSS3, jQuery, JavaScript. ",Развитие своих профессиональных навыков. Доработка существующего функционала на разных CMS. Внедрение нового функционала на существующих сайтах. Написание собственных простых интерфейсов...
Тюмень,Интерактивное агентство Aerokod,2019-10-04T19:09:54+0300,"<strong>Обязанности:</strong> <ul> <li>Разработка и поддержка web-проектов.</li> <li>Доработка существующих сайтов и разработка новых.</li> <li>Программирование и тестирование сайтов.</li> </ul> <strong>Требования:</strong> <ul> <li>Глубокие знания PHP, MySQL.</li> <li>Уверенные знания HTML5, CSS3, JavaScript, JQuery.</li> <li>Понимание принципов ООП.</li> <li>Опыт работы с API внешних сервисов.</li> <li>Умение разбираться в чужом коде.</li> <li>Умение писать простой и понятный код, следуя принятой методологии.</li> <li>Системное видение проектов и логическое мышление.</li> <li>Самостоятельность и самоорганизованность.</li> <li>Неважно, что вы знаете фреймворки Code Ignieter, Simfony 2, Yii 2, CMS Битрикс (Bitrix), Wordpress, мы постараемся оценить вас по достоинству.</li> </ul> <strong>Условия:</strong> <ul> <li>Команда, увлеченная проектами.</li> <li>Постоянные вызовы твоему профессионализму. У тебя будет масса возможностей проявить себя и множество точек роста.</li> <li>Адекватное руководство.</li> <li>Гибкий график по согласованию.</li> <li>Отличное рабочее место, круглосуточный доступ, уютный офис, натуральный кофе, чай.</li> </ul>",Полная занятость,Гибкий график,От 1 года до 3 лет,|Веб-программирование|HTML|JavaScript|CSS|MySQL|PHP5|jQuery|PHP|HTML5|1С-Битрикс|Bootstrap|Ajax|Yii|ООП|CSS3|CMS Wordpress|Кроссбраузерная верстка,3.0,50000.0,1.0,30000.0,web,"Глубокие знания PHP, MySQL. Уверенные знания HTML5, CSS3, JavaScript, JQuery. Понимание принципов ООП. Опыт работы с API внешних...",Разработка и поддержка web-проектов. Доработка существующих сайтов и разработка новых. Программирование и тестирование сайтов.
Тюмень,РУСОЙЛ,2019-09-23T08:50:55+0300,"<strong>Обязанности:</strong> <ul> <li>Разработка, внедрение, поддержка сайтов компании и корпоративного портала под управлением CMS 1С-Битрикс.</li> </ul> <strong>Требования:</strong> <ul> <li>Уверенные знания: PHP‚ MySQL; <ul> <li>Основные знания по разработке сайтов: HTML‚ CSS‚ JavaScript‚ Ajax‚ XML,;</li> <li>Опыт разработки и внедрения проектов под управлением CMS 1С-Битрикс;</li> <li>Приветствуется: уверенная работа в пакете графических программ, наличие выполненных проектов‚ знание CMS &quot;1С-Битрикс&quot;,WordPress и других систем управления сайтами‚ знание *nix приветствуется;</li> <li>Опыт интеграции продуктов 1С-Битрикс с конфигурациями «1С:Предприятие 8».</li> </ul> </li> </ul> <strong>Условия:</strong> <ul> <li>5-ти дневный график работы, 08.30 - 17.30;</li> <li>Официальное трудоустройство;</li> <li>Молодой и дружный коллектив;</li> </ul>",Полная занятость,Полный день,От 1 года до 3 лет,,3.0,,1.0,50000.0,web,"Уверенные знания: PHP‚ MySQL. Основные знания по разработке сайтов: HTML‚ CSS‚ JavaScript‚ Ajax‚ XML,. Опыт разработки и внедрения проектов под...","Разработка, внедрение, поддержка сайтов компании и корпоративного портала под управлением CMS 1С-Битрикс."
Тюмень,ANCOR FinTech,2019-09-18T13:30:39+0300,"<p>Российская транснациональная компания, владеющая одноимённой системой поиска в Сети, интернет-порталами и службами в нескольких странах объявляет конкурс на позицию <strong>Frontend-разработчика в городе Екатеринбург. </strong></p> <p><strong>!!! </strong>Для кандидатов,<strong> </strong>готовых к переезду из других городов есть релокационный пакет.</p> <p><strong>Чем предстоит заниматься?</strong></p> <ul> <li>разрабатывать интерфейсные компоненты (инфраструктура и веб-интерфейсы);</li> <li>разработкой клиентской логики на JavaScript;</li> <li>визуализацией данных, дизайном, версткой;</li> <li>поддержкой существующих сервисов (react, redux, backbone);</li> <li>работой на прототипами и интерфейсами для внутренних аналитических инструментов.</li> </ul> <p><strong>Вы подходите, если обладаете:</strong></p> <ul> <li>опытом в промышленной разработке на JS;</li> <li>знаете Node.js и ES6;</li> <li>хорошим знанием HTML/CSS;</li> <li>умением работать с Git.</li> </ul> <p><strong>Компания предлагает:</strong></p> <ul> <li>полное соответствие ТК РФ, &quot;белый&quot; заработок;</li> <li>расширенный социальный пакет (ДМС со стоматологией с первого рабочего дня и др.)</li> <li>релокация для иногородних;</li> <li>регулярный пересмотр уровня дохода;</li> <li>постоянное обучение, развитие скиллов;</li> <li>дотации на питание;</li> <li>активная и интересная корпоративная жизнь;</li> <li>комфортный современный офис в центре Екатеринбурга.</li> </ul>",Полная занятость,Полный день,От 1 года до 3 лет,|JavaScript|Node.js|CSS|Git|HTML,3.0,,1.0,,web,Опытом в промышленной разработке на JS. Знаете Node.js и ES6. Хорошим знанием HTML/CSS. Умением работать с Git.,"Разрабатывать интерфейсные компоненты (инфраструктура и веб-интерфейсы). Разработкой клиентской логики на JavaScript. Визуализацией данных, дизайном, версткой. Поддержкой существующих сервисов (react..."
Тюмень,КБ-Информ,2019-10-11T15:27:24+0300,"<strong>Обязанности:</strong> <ul> <li>Участие в развитии ведомственной информационной системы, внедренной более чем в 10 регионах РФ,</li> <li>Создание нового функционала, доработка существующего,</li> <li>Рефакторинг, участие в code-review</li> </ul> <strong>Требования:</strong> <ul> <li>Опыт использования javaScript, понимание сборочного процесса и ограничений, им накладываемых;</li> <li>Уверенное знание Ext JS и/или React или готовность пересесть на эти фреймворки;</li> <li>Что мы имеем в виду под уверенным знанием React: опыт использования в проектах (а т.ч. pet project’ах), умение работать с npm, понимание, когда нужны webpack и babel, а еще важнее – понимание, когда они НЕ нужны;</li> <li>Что мы имеем в виду под уверенным знанием Ext JS: опыт использования в проектах (а т.ч. pet project’ах), будет плюсом опыт использования Ant</li> </ul> <strong>Условия:</strong> <ul> <li> <p>Офис в центре города</p> </li> <li> <p>Работа в проекте для госсектора с присутствием в более чем 10 субъектах РФ</p> </li> <li> <p>Свободная атмосфера, молодой дружелюбный коллектив</p> </li> <li> <p>Гибкие методологии управления проектами</p> </li> <li> <p>Возможность внести свой вклад в развитие продукта</p> </li> <li> <p>Руководство, открытое к диалогу, новым идеям и предложениям</p> </li> <li> <p>Постоянное обучение, посещение отраслевых мероприятий</p> </li> <li> <p>Возможность публикации научных работ и поездок на профильные конференции</p> </li> </ul>",Полная занятость,Полный день,От 1 года до 3 лет,|JavaScript|Ext JS|ANT|React|Git|npm|Linux|rhino|sencha,3.0,,1.0,60000.0,web,"Опыт использования javaScript, понимание сборочного процесса и ограничений, им накладываемых. Уверенное знание Ext JS и/или React или готовность пересесть...","Участие в развитии ведомственной информационной системы, внедренной более чем в 10 регионах РФ. Создание нового функционала, доработка существующего. "
Тюмень,Международный институт дополнительного образования,2019-10-07T07:29:25+0300,"<p><strong>Международный институт дополнительного образования </strong>в связи с расширением отдела digital-маркетинга приглашает в свою команду <strong>программиста. Работа в офисе (уважаемые фрилансеры и удаленщики, к сожалению, мы не рассматриваем эти варианты работы).</strong></p> <p><strong>Ключевые задачи:</strong></p> <ul> <li>разработка новых и поддержка существующих проектов на Bitrix,</li> <li>оптимизация сайтов под требования поисковых систем (скорость загрузки, структура и т.д.),</li> <li>верстка сайтов по макетам,</li> <li>участие в проектах по автоматизации бизнес-процессов компании (написание скриптов php),</li> </ul> <p><strong>Для участия в наших проектах Вам потребуется:</strong></p> <ul> <li>Уверенные знания PHP,</li> <li>Опыт написания сложных SQL-запросов,</li> <li>Хорошие знания HTML5, CSS3, JS,</li> <li>Умение работать с чужим кодом,</li> <li>Навыки подключения плагинов, программирования форм,</li> <li>Навыки оптимизации сайтов под требования поисковых систем (скорость загрузки, структура и т.д.),</li> <li>Опыт работы с 1С Bitrix.</li> </ul> <p><strong>Мы предлагаем:</strong></p> <ul> <li>официальное трудоустройство по ТК РФ,</li> <li>график работы с 09:00 - 18:00, пн-пт.</li> <li>интересные задачи и всестороннюю поддержку развития вашего потенциала,</li> <li>Уровень оплаты труда обсуждается по итогам личного собеседования (укажите, пожалуйста, желаемый уровень в резюме или сопроводительном письме).</li> </ul>",Полная занятость,Полный день,От 3 до 6 лет,|PHP|SQL|HTML5|CSS3,6.0,,3.0,,web,"Уверенные знания PHP. Опыт написания сложных SQL-запросов. Хорошие знания HTML5, CSS3, JS. Умение работать с чужим кодом. ","Разработка новых и поддержка существующих проектов на Bitrix. Оптимизация сайтов под требования поисковых систем (скорость загрузки, структура и т.д.). "
Тюмень,АЙТИ АРХИТЕКТОР,2019-10-11T18:03:43+0300,"<strong>Обязанности:</strong> <ul> <li>Верстка сайтов, landing page, интернет магазинов, взаимодействие по макету с дизайнером;</li> <li>Верстка интерфейсов, модулей внутренних систем;</li> <li>Разработка / модернизация JS / VUE / JQuery скриптов;</li> <li>Оптимизация верстки.</li> </ul> <strong>Требования:</strong> <ul> <li>Отличное знание HTML5 / CSS3;</li> <li>Уверенное знание JS / JQuery / VUE;</li> <li>Знание одного из UI фреймворков: Vuetify, ElementIO, IView;</li> <li>Кроссбраузерная и адаптивная мобильная верстка;</li> <li>Опыт работы с Git;</li> <li>Четкое понимание юзабилити интерфейса;</li> <li>Умение разбираться в чужом коде;</li> <li>Умение выполнять задачу в заданный срок;</li> <li>Ответственность, умение работать самостоятельно и относиться к задаче внимательно;</li> <li>Знание основ ООП;</li> <li>Знание основ PHP;</li> <li>Понимание как работает бэкенд.</li> </ul> <strong>Условия:</strong> <ul> <li>Пятидневная рабочая неделя с 08:30 до 17:30</li> <li>Официальное трудоустройство</li> <li>Центр, район дома Печати</li> <li>Молодой, активный коллектив</li> <li>Возможность совершенствовать навыки и развиваться</li> <li>Отличный офис в тихом месте, нет проблем с парковкой, кафе на территории, чай-кофе-печеньки в офисе</li> <li><strong>Кандидатуры freelance не рассматриваем!</strong></li> <li><strong>Вместе с резюме отправьте ссылки на выполненные вами работы для оценки верстки и клиентского кода</strong></li> </ul>",Полная занятость,Полный день,От 1 года до 3 лет,|Веб-программирование|HTML5|jQuery|CSS3|Ajax|Git|JavaScript|Кроссбраузерная верстка|Валидная верстка|Sass|JSON API|VUE,3.0,50000.0,1.0,30000.0,web,"Отличное знание HTML5 / CSS3. Уверенное знание JS / JQuery / VUE. Знание одного из UI фреймворков: Vuetify, ElementIO, IView. ","Верстка сайтов, landing page, интернет магазинов, взаимодействие по макету с дизайнером. Верстка интерфейсов, модулей внутренних систем. Разработка / модернизация JS / VUE..."
Тюмень,АРКОНС ГРУПП,2019-10-09T09:38:19+0300,"<p>Приглашаем в наш молодой коллектив талантливого и опытного PHP-разработчика. Мы ищем ответственного специалиста, который работает на результат, а не просто отсиживается в офисе. Проекты компании растут, ты будешь работать c текущими и новыми:</p> <ol> <li>Два сайта компании, которые входят в ТОП-10 по России.</li> <li>Развитие и доработка корпоративной CRM-системы.</li> <li>Участие в крупных российских и международных проектах.</li> </ol> <p><strong><em>Твою работу будет видеть вся страна и не только!</em></strong></p> <p> </p> <p><strong>От тебя мы ждем:</strong></p> <ul> <li>Уверенное знание: HTML4/5, CSS2/3, JavaScript ES5(ES6), HTML, JQuery, Ajax, REST API, MySql, Yii2.</li> <li>Опыт кросс-браузерной вёрстки, вёрстки адаптивных сайтов.</li> <li>Качественное и своевременное исполнение задач web-проекта и непосредственного руководителя.</li> <li>Умение разбираться в чужом коде и работать с ним.</li> </ul> <p><strong>Большим плюсом будет:</strong></p> <ul> <li>Опыт работы с Git.</li> <li>Умение оценивать задачи и укладываться в срок.</li> <li>Опыт использования технологий (SASS/LESS, PostCSS, Gulp, Webpack, React JS, Vue JS, Angular).</li> <li>Развертывание и настройка (CentOS, Nginx, PostgreSQL, Socket.IO).</li> <li>Желание обучаться новому и делиться своим опытом с коллегами.</li> <li>Широкий ИТ-кругозор, знание технологий, программных продуктов.</li> <li>Умение работать в команде, доброжелательность.</li> </ul> <p><strong>Работая с нами, ты получишь:</strong></p> <ul> <li>Официальное оформление в штат молодой, но стабильной компании (на рынке с 2014 г.).</li> <li>Интересные проекты в высокоприбыльных сферах.</li> <li>Условия для профессионального и финансового роста. Отличную работу мы поощряем обучением за счет компании. Оплачиваем результаты, а не просто время, проведенное в офисе (по системе KPI).</li> <li>Современный офис в деловом центре города и комфортабельное рабочее место с шустрым компьютером.</li> <li>Гибкий график, который можно скорректировать, сместить обед и даже при необходимости поработать из дома.</li> </ul>",Полная занятость,Полный день,От 1 года до 3 лет,|Sass|Less|postcss|Gulp|webpack|react js|vue js|AngularJS|CentOS|Nginx|PostgreSQL,3.0,,1.0,,web,"Уверенное знание: HTML4/5, CSS2/3, JavaScript ES5(ES6), HTML, JQuery, Ajax, REST API, MySql, Yii...",Развитие и доработка корпоративной CRM-системы.
Тюмень,ГАУ ТО МФЦ,2019-10-10T09:00:39+0300,"<p><strong>Требования:</strong></p> <ul> <li>Высшее образование в сфере информационных технологий;</li> <li>Опыт работы по специальности от 1 года;</li> <li>Знание одного из языков программирования: функциональные языки программирования, Java, Kotlin, C, C++, C#, Scala, Python;</li> <li>Навыки работы с базами данных. Знание SQL;</li> <li>Опыт работы с системами контроля версий (желательно Gitlab);</li> <li>Понимание принципов Agile, Scrum, TDD;</li> <li>Желание работать в команде и осваивать новые технологии.</li> </ul> <p><strong>Обязанности:</strong></p> <ul> <li>Участие в проектах по разработке многопользовательских, высоконагруженных информационных систем.</li> <li>Разработка, модификация и сопровождение имеющихся систем организации.</li> </ul> <p><strong>Условия: </strong></p> <ul> <li>Трудоустройство согласно ТК РФ;</li> <li>Рабочее место на ул. Первомайская;</li> <li>Повышение квалификации;</li> <li>40-часовая рабочая неделя.</li> </ul>",Полная занятость,Полный день,От 1 года до 3 лет,|Java|Linux,3.0,,1.0,45700.0,web,Высшее образование в сфере информационных технологий. Опыт работы по специальности от 1 года. Знание одного из языков программирования: функциональные языки...,"Участие в проектах по разработке многопользовательских, высоконагруженных информационных систем. Разработка, модификация и сопровождение имеющихся систем организации."
Тюмень,Интернет-маркетинговое агентство CloudMarketing,2019-09-16T11:58:00+0300,"<p><strong>Обязанности:</strong></p> <p>- Создание сайтов на CMS Bitrix<br />- Техническая поддержка и доработка сайтов на CMS Bitrix<br />- Техническая поддержка и доработка сайтов на других CMS, либо без них (крайне редко)<br />- Участие в оценке проектов.</p> <p> </p> <p><strong>Требования:</strong></p> <p>- Опыт работы web-программистом от 1-го года.<br />- Уверенное владение PHP, MySQL, HTML, CSS, JS.<br />- Уверенное владение CMS Bitrix.<br />- Владение Photoshop на уровне нарезки макетов и оптимизации изображений.</p> <p><strong>Желательно:</strong></p> <p>- Наличие сертификата разработчика Bitrix Framework.<br />- Наличие портфолио.</p> <p> </p> <p><strong>Условия:</strong></p> <p>- Гибкий рабочий график.<br />- Заработная плата уточняется по результатам собеседования.<br />- Адекватное и технически грамотное руководство.<br />- Удобная и понятная система постановки задач.</p> <p> </p> <p><strong>Гарантируем:</strong></p> <p>- Участие в интересных проектах.<br />- Стабильные объемы работы.<br />- Перспективы финансового роста.</p>",Полная занятость,Гибкий график,От 1 года до 3 лет,|1С-Битрикс|PHP|HTML|CSS|jQuery|JavaScript|MySQL|Ajax,3.0,,1.0,45000.0,web,"Опыт работы web-программистом от 1-го года. - Уверенное владение PHP, MySQL, HTML, CSS, JS. - Уверенное владение CMS Bitrix. - ",Создание сайтов на CMS Bitrix. - Техническая поддержка и доработка сайтов на CMS Bitrix. - Техническая поддержка и доработка сайтов на других...
Тюмень,РостБизнесКонсалт,2019-09-30T09:21:46+0300,"<p> </p> <p>Ищем разработчика на фултайм в офис. Работа на крупном проекте.</p> <p>Трудиться нужно будет в отделе маркетинга: молодая команда из 12 человек. 3 разработчика (помогут, подскажут по сложным задачам).</p> <p>Если не хватает каких-то знаний или умений - подтяните свои скилы на проекте, научитесь новому.</p> <p> </p> <p><strong>Обязанности:</strong></p> <ul> <li>Разработка новых проектов на Bitrix</li> <li>Поддержка существующих проектов на Bitrix</li> <li>Разработка и поддержка сайтов группы компаний.</li> <li>Оптимизация сайтов под требования поисковых систем (скорость загрузки, структура и т.д.)</li> <li>Подключение плагинов, программирование форм.</li> <li>Верстка сайтов по макетам.</li> <li>Доработка верстки существующих сайтов.</li> </ul> <p> </p> <p><strong>Требования:</strong></p> <ul> <li>Владение PHP / Javascript / CSS.</li> <li>Знание Bitrix на уровне разработчика.</li> <li>Уверенная работа с Bitrix Framework.</li> <li>Понимание основ ООП.</li> <li>Опыт работы с базами данных MySQL/MariaDB.</li> <li>Работа с Git</li> </ul> <p> </p> <p><strong>Приветствуется:</strong></p> <ul> <li>Наличие сертификатов: Разработчик Bitrix Framework и др.</li> <li>Опыт работы хотя-бы с одним из PHP фреймворков.</li> <li>Умение работать с менеджером пакетов Composer.</li> <li>Умение работать с Linux консолью.</li> <li>Умение работать с одним из препроцеcсоров: LESS/SASS/SCSS.</li> </ul> <p> </p> <p><strong>Условия:</strong></p> <ul> <li>Официальное трудоустройство, полный соц.пакет</li> <li>Достойный уровень дохода, предложение делается индивидуально успешному кандидату</li> <li>Своевременная выплата з/платы 2 раза в месяц</li> <li>Индексация заработной платы</li> <li>Офис в центре города, комфортное рабочее место, кухня для сотрудников</li> <li>Работа только на территории работодателя</li> <li>Пятидневная рабочая неделя (пн - пт, есть возможность выбрать время начала рабочего дня: с 8.00, 8.30, 9.00 и с 10.00, пятница - короткий день), 3 перерыва в течение дня</li> <li>Отсутствие дресс-кода</li> </ul>",Полная занятость,Полный день,Нет опыта,|MySQL|JavaScript|Git|Linux|PHP,,100000.0,,80000.0,web,Владение PHP / Javascript / CSS. Знание Bitrix на уровне разработчика. Уверенная работа с Bitrix Framework. Понимание основ ООП. Опыт работы с...,Разработка новых проектов на Bitrix. Поддержка существующих проектов на Bitrix. Разработка и поддержка сайтов группы компаний. Оптимизация сайтов под требования...
