city,company-name,date,description,employment-form,employment-schedule,experience,key_skills,max-experience,max-salary,min-experience,min-salary,name,requirements,responsibilities,days_from_publish,group
Москва,СИТИЛИНК,2019-11-29T14:27:28+0300,"<p><strong>Наши пожелания:</strong></p> <ul> <li>Опыт работы в сфере продаж от 1-го года (компьютерная, цифровая, бытовая техника);</li> <li>Знание технологии продаж и стандартов обслуживания;</li> <li>Коммуникабельность, ответственность, грамотная речь.</li> </ul> <p><br /><strong>Ваши обязанности:</strong></p> <ul> <li>Оказание помощи покупателям при оформлении заказа товара;</li> <li>Консультирование покупателей в отношении технологии работы и навигации магазина;</li> <li>Помощь покупателям при выборе товара, консультирование по ассортименту, наличию, потребительским свойствам, техническим характеристикам товара;</li> <li>Продажи товара, сопутствующих аксессуаров, дополнительных услуг и расширенных гарантий;</li> <li>Работа с претензиями потребителей;</li> <li>Участие в разрешении спорных вопросов с покупателями;</li> <li>Контроль работы продавцов торгового зала.</li> </ul> <p><br /><strong>Мы предлагаем:</strong></p> <ul> <li>Оформление согласно ТК РФ;</li> <li>График работы — 5/2;</li> <li>Корпоративное обучение;</li> <li>оплата больничного, отпуска</li> <li>Скидки у партнеров;</li> <li>Скидки на приобретение товаров в наших магазинах;</li> <li>Возможность карьерного роста;</li> <li>Стабильная заработная плата.</li> </ul>",Полная занятость,Сменный график,От 1 года до 3 лет,Без ключевых навыков,3.0,55000.0,1.0,40000.0,продавец консультант,"Опыт работы в сфере продаж от 1-го года (компьютерная, цифровая, бытовая техника). Знание технологии продаж и стандартов обслуживания. ",Оказание помощи покупателям при оформлении заказа товара. Консультирование покупателей в отношении технологии работы и навигации магазина. Помощь покупателям при выборе...,21,продавец
Москва,Связной,2019-12-02T15:09:00+0300,"<p>Ты заряжен энергией и хочешь превратить ее в деньги?</p> <p>Приходи работать к нам!</p> <p> </p> <p><strong>У нас есть все для успешного старта твоей карьеры:</strong></p> <ul> <li>Бесплатное корпоративное обучение</li> <li>Стипендия на начальном этапе</li> <li>Неограниченная премия по результатам работы</li> <li>Работа для опытных и для новичков</li> <li>Лучшие мотивации с возможностью поездок по всему миру</li> <li>Скидки на товар и авиабилеты</li> <li>Гибкий рабочий график</li> <li>Белая зарплата и оформление по ТК РФ</li> <li>Возможность быстрого карьерного роста</li> <li>Льготное кредитование для сотрудников у банков-партнеров</li> </ul> <p> </p> <p><strong>С нами ты будешь:</strong></p> <ul> <li>Помогать клиентам в выборе лучших технических новинок</li> <li>Продавать товары и услуги</li> <li>Подключать к операторам связи и интернет-провайдерам</li> <li>Общаться с большим количеством людей и находить друзей</li> </ul> <p> </p> <p><strong>Рады сотрудничать, если:</strong></p> <ul> <li>Хочешь работать в команде, увлеченной своим делом</li> <li>Готов учиться и развиваться</li> <li>Тебе нравятся гаджеты, продажи и общение</li> <li>У тебя грамотная речь и позитивное отношение к людям</li> </ul> <p> </p> <p>Наша команда поможет тебе стать лучшим продавцом!</p> <p>Присоединяйся!</p> <p> </p> <p> </p>",Полная занятость,Полный день,Нет опыта,Без ключевых навыков,,88125.0,,50000.0,продавец консультант,"Хочешь работать в команде, увлеченной своим делом. Готов учиться и развиваться. Тебе нравятся гаджеты, продажи и общение. У тебя грамотная...",Помогать клиентам в выборе лучших технических новинок. Продавать товары и услуги. Подключать к операторам связи и интернет-провайдерам. ,18,продавец
Москва,Связной,2019-12-11T17:29:25+0300,"<p>Ты заряжен энергией и хочешь превратить ее в деньги?</p> <p>Приходи работать к нам!</p> <p> </p> <p><strong>У нас есть все для успешного старта твоей карьеры:</strong></p> <ul> <li>Бесплатное корпоративное обучение</li> <li>Стипендия на начальном этапе</li> <li>Неограниченная премия по результатам работы</li> <li>Работа для опытных и для новичков</li> <li>Лучшие мотивации с возможностью поездок по всему миру</li> <li>Скидки на товар и авиабилеты</li> <li>Гибкий рабочий график</li> <li>Белая зарплата и оформление по ТК РФ</li> <li>Возможность быстрого карьерного роста</li> <li>Льготное кредитование для сотрудников у банков-партнеров</li> </ul> <p> </p> <p><strong>С нами ты будешь:</strong></p> <ul> <li>Помогать клиентам в выборе лучших технических новинок</li> <li>Продавать товары и услуги</li> <li>Подключать к операторам связи и интернет-провайдерам</li> <li>Общаться с большим количеством людей и находить друзей</li> </ul> <p> </p> <p><strong>Рады сотрудничать, если:</strong></p> <ul> <li>Хочешь работать в команде, увлеченной своим делом</li> <li>Готов учиться и развиваться</li> <li>Тебе нравятся гаджеты, продажи и общение</li> <li>У тебя грамотная речь и позитивное отношение к людям</li> </ul> <p> </p> <p>Наша команда поможет тебе стать лучшим продавцом!</p> <p>Присоединяйся!</p>",Полная занятость,Полный день,Нет опыта,Без ключевых навыков,,88125.0,,50000.0,продавец консультант,"Хочешь работать в команде, увлеченной своим делом. Готов учиться и развиваться. Тебе нравятся гаджеты, продажи и общение. У тебя грамотная...",Помогать клиентам в выборе лучших технических новинок. Продавать товары и услуги. Подключать к операторам связи и интернет-провайдерам. ,9,продавец
Москва,Билайн,2019-12-13T15:06:07+0300,"<p><em><strong>Офис продаж – «визитная карточка» нашего бизнеса! И ты можешь стать частью передовой команды!</strong></em></p> <p><em><strong>Ты:</strong></em></p> <ul> <li><em>Мечтаешь работать с технологиями, опережающими время и создающими будущее?</em></li> </ul> <p><em>· Стремишься быть в гуще событий, в команде таких же целеустремленных и драйвовых, как и ты?</em></p> <p><em>· Хочешь знать, как это – приходить на работу с удовольствием?</em></p> <ul> <li><em>Уже получил высшее/среднее-профессиональное образование или заканчиваешь обучение и готов сделать первый шаг к своему успеху?</em></li> </ul> <p><em><strong>Чем ты будешь заниматься:</strong></em></p> <ul> <li><em>Продавать инновационные продукты и услуги Компании, делающие жизнь людей проще и лучше: крутые девайсы, смартфоны и аксессуары к ним!</em></li> <li><em>Делиться своей экспертизой и знаниями, консультируя клиентов и помогая им решать самые разные задачи.</em></li> </ul> <p><em><strong>У тебя будет:</strong></em></p> <ul> <li><em>Крутая команда и помощь руководителя, активная жизнь: корпоративные праздники, открытое общение с коллегами в корпоративной сети и в реальном мире.</em></li> </ul> <p><em>· Вводное (с выплатой стипендии) и регулярное обучение - мир технологий быстро меняется, и ты будешь всегда в курсе самых актуальных новинок.</em></p> <p><em>· Возможность отлично зарабатывать: гарантированный оклад + премия!</em></p> <p><em>· Полностью официальное оформление и выплаты.</em></p> <p><em>· Дополнительные льготы и бонусы от компании: полис добровольного медицинского страхования (включает стоматологию), скидки на покупку девайсов, корпоративная мобильная связь и интернет и многое другое - ты сам убедишься в качестве наших услуг!</em></p> <p><em>· Удобное место и график работы (5/2, плавающие выходные, 2 варианта смен в день)</em></p> <p> </p> <p><em><strong>Специальные условия для кандидатов, имеющих опыт работы в сфере информационных технологий от полугода: </strong></em></p> <ul> <li><em>Оформление в штат без стажировки.</em></li> </ul> <p> </p> <p><em>В Билайн мы развиваем и поддерживаем здоровую и безопасную рабочую среду.</em></p> <p><em>Каждый сотрудник соблюдает Кодекс поведения, внутренние правила компании и придерживается принципов деловой этики.</em></p> <p><em>Мы поступаем честно и этично как по отношению к друг другу, так и к нашим внешним партнерам.</em></p> <p><em><strong>Мы верим в возможности человека и помогаем раскрыть их даже тем, у кого нет опыта!</strong></em></p> <p><em><strong>Приходи, б</strong><strong>удет круто!<br />#яработаювбилайн<br />#хочувбилайн<br />#followbeeline</strong></em></p>",Полная занятость,Полный день,Нет опыта,|Активные продажи|Продажа страховых продуктов|Деловое общение|Навыки продаж|Обучение и развитие,,100000.0,,45000.0,"продавец консультант офиса ""билайн""","Специальные условия для кандидатов, имеющих опыт работы в сфере информационных технологий от полугода: Каждый сотрудник соблюдает Кодекс поведения, внутренние правила...",Без обязанностей,7,продавец
Москва,Связной,2019-12-09T15:17:03+0300,"<p>Ты заряжен энергией и хочешь превратить ее в деньги?</p> <p>Приходи работать к нам!</p> <p> </p> <p><strong>У нас есть все для успешного старта твоей карьеры:</strong></p> <ul> <li>Бесплатное корпоративное обучение</li> <li>Стипендия на начальном этапе</li> <li>Неограниченная премия по результатам работы</li> <li>Работа для опытных и для новичков</li> <li>Лучшие мотивации с возможностью поездок по всему миру</li> <li>Скидки на товар и авиабилеты</li> <li>Гибкий рабочий график</li> <li>Белая зарплата и оформление по ТК РФ</li> <li>Возможность быстрого карьерного роста</li> <li>Льготное кредитование для сотрудников у банков-партнеров</li> </ul> <p> </p> <p><strong>С нами ты будешь:</strong></p> <ul> <li>Помогать клиентам в выборе лучших технических новинок</li> <li>Продавать товары и услуги</li> <li>Подключать к операторам связи и интернет-провайдерам</li> <li>Общаться с большим количеством людей и находить друзей</li> </ul> <p> </p> <p><strong>Рады сотрудничать, если:</strong></p> <ul> <li>Хочешь работать в команде, увлеченной своим делом</li> <li>Готов учиться и развиваться</li> <li>Тебе нравятся гаджеты, продажи и общение</li> <li>У тебя грамотная речь и позитивное отношение к людям</li> </ul> <p> </p> <p>Наша команда поможет тебе стать лучшим продавцом!</p> <p>Присоединяйся!</p>",Полная занятость,Полный день,Нет опыта,Без ключевых навыков,,70000.0,,50000.0,продавец консультант,"Хочешь работать в команде, увлеченной своим делом. Готов учиться и развиваться. Тебе нравятся гаджеты, продажи и общение. У тебя грамотная...",Помогать клиентам в выборе лучших технических новинок. Продавать товары и услуги. Подключать к операторам связи и интернет-провайдерам. ,11,продавец
Москва,МегаФон Ритейл,2019-12-03T11:43:40+0300,"<p><strong>В твоих руках - отличная возможность построить блестящую карьеру!</strong></p> <p><strong>Развивайся в Компании федерального масштаба!</strong></p> <p><strong>Приходи на работу </strong><strong>в офисы продаж «МегаФон»!</strong></p> <p> </p> <p><strong>Мы предлагаем:</strong><strong> </strong></p> <ul> <li>Официальное трудоустройство с 1-го рабочего дня</li> <li>Профессиональный и карьерный рост</li> <li>Гибкий график (с полным рабочим днем)</li> <li>Корпоративное обучение на базе собственного Учебного центра</li> <li>Средняя заработная плата 48000 (оклад + личный бонус+ бонус от командных продаж + ежемесячная премия)</li> <li>ДМС, корпоративный тариф, компенсация фитнеса, тренинги и мастер классы для профессионального и личностного роста</li> <li>Скидки для сотрудников и участие в конкурсах с ценными призами</li> <li>Удобное место работы</li> </ul> <p> </p> <p><strong>Наши пожелания:</strong><strong> </strong></p> <ul> <li>Активность</li> <li>Целеустремленность</li> <li>Доброжелательность и готовность помочь</li> <li>Стремление к получению новых знаний и финансовой независимости</li> <li>Пользователь ПК</li> </ul> <p> </p> <p><strong>Твои занятия:</strong><strong> </strong></p> <ul> <li>Продажа мобильных устройств и аксессуаров</li> <li>Консультирование Клиентов</li> <li>Подключение и обслуживание абонентов «МегаФон»</li> <li>Решение организационных вопросов (открытие, закрытие салона‚ ведение отчетности по продажам‚ выкладка нового товара и т.д.)</li> </ul>",Полная занятость,Сменный график,Нет опыта,Без ключевых навыков,,80000.0,,48000.0,продавец консультант,Активность. Целеустремленность. Доброжелательность и готовность помочь. Стремление к получению новых знаний и финансовой независимости. Пользователь ПК.,"Продажа мобильных устройств и аксессуаров. Консультирование Клиентов. Подключение и обслуживание абонентов «МегаФон». Решение организационных вопросов (открытие, закрытие салона‚ ведение отчетности...",18,продавец
Москва,Связной,2019-12-13T18:18:12+0300,"<p>Ты заряжен энергией и хочешь превратить ее в деньги?</p> <p>Приходи работать к нам!</p> <p> </p> <p><strong>У нас есть все для успешного старта твоей карьеры:</strong></p> <ul> <li>Бесплатное корпоративное обучение</li> <li>Стипендия на начальном этапе</li> <li>Неограниченная премия по результатам работы</li> <li>Работа для опытных и для новичков</li> <li>Лучшие мотивации с возможностью поездок по всему миру</li> <li>Скидки на товар и авиабилеты</li> <li>Гибкий рабочий график</li> <li>Белая зарплата и оформление по ТК РФ</li> <li>Возможность быстрого карьерного роста</li> <li>Льготное кредитование для сотрудников у банков-партнеров</li> </ul> <p> </p> <p><strong>С нами ты будешь:</strong></p> <ul> <li>Помогать клиентам в выборе лучших технических новинок</li> <li>Продавать товары и услуги</li> <li>Подключать к операторам связи и интернет-провайдерам</li> <li>Общаться с большим количеством людей и находить друзей</li> </ul> <p> </p> <p><strong>Рады сотрудничать, если:</strong></p> <ul> <li>Хочешь работать в команде, увлеченной своим делом</li> <li>Готов учиться и развиваться</li> <li>Тебе нравятся гаджеты, продажи и общение</li> <li>У тебя грамотная речь и позитивное отношение к людям</li> </ul> <p> </p> <p>Наша команда поможет тебе стать лучшим продавцом!</p> <p>Присоединяйся!</p>",Полная занятость,Полный день,Нет опыта,Без ключевых навыков,,88125.0,,50000.0,продавец консультант,"Хочешь работать в команде, увлеченной своим делом. Готов учиться и развиваться. Тебе нравятся гаджеты, продажи и общение. У тебя грамотная...",Помогать клиентам в выборе лучших технических новинок. Продавать товары и услуги. Подключать к операторам связи и интернет-провайдерам. ,7,продавец
Москва,Связной,2019-12-06T10:09:01+0300,"<p>Ты заряжен энергией и хочешь превратить ее в деньги?</p> <p>Приходи работать к нам!</p> <p> </p> <p><strong>У нас есть все для успешного старта твоей карьеры:</strong></p> <ul> <li>Бесплатное корпоративное обучение</li> <li>Стипендия на начальном этапе</li> <li>Неограниченная премия по результатам работы</li> <li>Работа для опытных и для новичков</li> <li>Лучшие мотивации с возможностью поездок по всему миру</li> <li>Скидки на товар и авиабилеты</li> <li>Гибкий рабочий график</li> <li>Белая зарплата и оформление по ТК РФ</li> <li>Возможность быстрого карьерного роста</li> <li>Льготное кредитование для сотрудников у банков-партнеров</li> </ul> <p> </p> <p><strong>С нами ты будешь:</strong></p> <ul> <li>Помогать клиентам в выборе лучших технических новинок</li> <li>Продавать товары и услуги</li> <li>Подключать к операторам связи и интернет-провайдерам</li> <li>Общаться с большим количеством людей и находить друзей</li> </ul> <p> </p> <p><strong>Рады сотрудничать, если:</strong></p> <ul> <li>Хочешь работать в команде, увлеченной своим делом</li> <li>Готов учиться и развиваться</li> <li>Тебе нравятся гаджеты, продажи и общение</li> <li>У тебя грамотная речь и позитивное отношение к людям</li> </ul> <p> </p> <p>Наша команда поможет тебе стать лучшим продавцом!</p> <p>Присоединяйся!</p> <p> </p> <p> </p>",Полная занятость,Полный день,Нет опыта,Без ключевых навыков,,88125.0,,50000.0,продавец консультант,"Хочешь работать в команде, увлеченной своим делом. Готов учиться и развиваться. Тебе нравятся гаджеты, продажи и общение. У тебя грамотная...",Помогать клиентам в выборе лучших технических новинок. Продавать товары и услуги. Подключать к операторам связи и интернет-провайдерам. ,15,продавец
Москва,Билайн,2019-12-13T09:50:17+0300,"<p><strong>Офис продаж – «визитная карточка» нашего бизнеса! И ты можешь стать частью передовой команды!</strong></p> <p><strong>Ты:</strong></p> <ul> <li>Мечтаешь работать с технологиями, опережающими время и создающими будущее?</li> </ul> <p>· Стремишься быть в гуще событий, в команде таких же целеустремленных и драйвовых, как и ты?</p> <p>· Хочешь знать, как это – приходить на работу с удовольствием?</p> <ul> <li>Уже получил высшее/среднее-профессиональное образование или заканчиваешь обучение и готов сделать первый шаг к своему успеху?</li> </ul> <p><strong>Чем ты будешь заниматься:</strong></p> <ul> <li>Продавать инновационные продукты и услуги Компании, делающие жизнь людей проще и лучше: крутые девайсы, смартфоны и аксессуары к ним!</li> <li>Делиться своей экспертизой и знаниями, консультируя клиентов и помогая им решать самые разные задачи.</li> </ul> <p><strong>У тебя будет:</strong></p> <ul> <li>Крутая команда и помощь руководителя, активная жизнь: корпоративные праздники, открытое общение с коллегами в корпоративной сети и в реальном мире.</li> </ul> <p>· Вводное (с выплатой стипендии) и регулярное обучение - мир технологий быстро меняется, и ты будешь всегда в курсе самых актуальных новинок.</p> <p>· Возможность отлично зарабатывать: гарантированный оклад + премия!</p> <p>· Полностью официальное оформление и выплаты.</p> <p>· Дополнительные льготы и бонусы от компании: полис добровольного медицинского страхования (включает стоматологию), скидки на покупку девайсов, корпоративная мобильная связь и интернет и многое другое - ты сам убедишься в качестве наших услуг!</p> <p>· Удобное место и график работы (5/2, плавающие выходные, 2/2 , 2 варианта смен в день)</p> <p> </p> <p><strong>Специальные условия для кандидатов, имеющих опыт работы в сфере информационных технологий от полугода: </strong></p> <ul> <li>Оформление в штат без стажировки.</li> </ul> <p> </p> <p>В Билайн мы развиваем и поддерживаем здоровую и безопасную рабочую среду.</p> <p>Каждый сотрудник соблюдает Кодекс поведения, внутренние правила компании и придерживается принципов деловой этики.</p> <p>Мы поступаем честно и этично как по отношению к друг другу, так и к нашим внешним партнерам.</p> <p><strong>Мы верим в возможности человека и помогаем раскрыть их даже тем, у кого нет опыта!</strong></p> <p><strong>Приходи, б</strong><strong>удет круто! #яработаювбилайн #хочувбилайн #followbeeline</strong></p>",Полная занятость,Полный день,Нет опыта,Без ключевых навыков,,100000.0,,45000.0,начинающий продавец консультант,"Специальные условия для кандидатов, имеющих опыт работы в сфере информационных технологий от полугода: Каждый сотрудник соблюдает Кодекс поведения, внутренние правила...",Без обязанностей,8,продавец
Москва,Билайн,2019-12-02T11:47:50+0300,"<p><strong>Офис продаж – «визитная карточка» нашего бизнеса! И ты можешь стать частью передовой команды!</strong></p> <p><strong>Ты:</strong></p> <ul> <li>Мечтаешь работать с технологиями, опережающими время и создающими будущее?</li> </ul> <p>· Стремишься быть в гуще событий, в команде таких же целеустремленных и драйвовых, как и ты?</p> <p>· Хочешь знать, как это – приходить на работу с удовольствием?</p> <ul> <li>Уже получил высшее/среднее-профессиональное образование или заканчиваешь обучение и готов сделать первый шаг к своему успеху?</li> </ul> <p><strong>Чем ты будешь заниматься:</strong></p> <ul> <li>Продавать инновационные продукты и услуги Компании, делающие жизнь людей проще и лучше: крутые девайсы, смартфоны и аксессуары к ним!</li> <li>Делиться своей экспертизой и знаниями, консультируя клиентов и помогая им решать самые разные задачи.</li> <li> <p><strong>У тебя будет:</strong></p> </li> <li>Крутая команда и помощь руководителя, активная жизнь: корпоративные праздники, открытое общение с коллегами в корпоративной сети и в реальном мире.</li> <li> <p>· Вводное (с выплатой стипендии) и регулярное обучение - мир технологий быстро меняется, и ты будешь всегда в курсе самых актуальных новинок.</p> <p>· Возможность отлично зарабатывать: гарантированный оклад + премия!</p> <p>· Полностью официальное оформление и выплаты.</p> </li> <li>Дополнительные льготы и бонусы от компании: полис добровольного медицинского страхования (включает стоматологию), скидки на покупку девайсов, корпоративная мобильная связь и интернет и многое другое - ты сам убедишься в качестве наших услуг!</li> <li>Удобное место и график работы (5/2, 2/2, с плавающими выходными, 2 варианта смен в день)</li> <li> <p> </p> <p><strong>Специальные условия для кандидатов, имеющих опыт работы в сфере информационных технологий от полугода: </strong></p> </li> <li>Оформление в штат без стажировки.</li> <li> <p> </p> <p>В Билайн мы развиваем и поддерживаем здоровую и безопасную рабочую среду.</p> <p>Каждый сотрудник соблюдает Кодекс поведения, внутренние правила компании и придерживается принципов деловой этики.</p> <p>Мы поступаем честно и этично как по отношению к друг другу, так и к нашим внешним партнерам.</p> </li> <li> <p><strong>Мы верим в возможности человека и помогаем раскрыть их даже тем, у кого нет опыта!</strong></p> <p><strong>Приходи, б</strong><strong>удет круто! #яработаювбилайн #хочувбилайн #followbeeline</strong></p> </li> </ul>",Полная занятость,Полный день,Нет опыта,|Активные продажи|Деловое общение|Навыки продаж|Обучение и развитие,,100000.0,,45000.0,продавец консультант,"Специальные условия для кандидатов, имеющих опыт работы в сфере информационных технологий от полугода: Каждый сотрудник соблюдает Кодекс поведения, внутренние правила...",Без обязанностей,19,продавец
Москва,Связной,2019-12-02T09:51:30+0300,"<p>Ты заряжен энергией и хочешь превратить ее в деньги?</p> <p>Приходи работать к нам!</p> <p> </p> <p><strong>У нас есть все для успешного старта твоей карьеры:</strong></p> <ul> <li>Бесплатное корпоративное обучение</li> <li>Стипендия на начальном этапе</li> <li>Неограниченная премия по результатам работы</li> <li>Работа для опытных и для новичков</li> <li>Лучшие мотивации с возможностью поездок по всему миру</li> <li>Скидки на товар и авиабилеты</li> <li>Гибкий рабочий график</li> <li>Белая зарплата и оформление по ТК РФ</li> <li>Возможность быстрого карьерного роста</li> <li>Льготное кредитование для сотрудников у банков-партнеров</li> </ul> <p> </p> <p><strong>С нами ты будешь:</strong></p> <ul> <li>Помогать клиентам в выборе лучших технических новинок</li> <li>Продавать товары и услуги</li> <li>Подключать к операторам связи и интернет-провайдерам</li> <li>Общаться с большим количеством людей и находить друзей</li> </ul> <p> </p> <p><strong>Рады сотрудничать, если:</strong></p> <ul> <li>Хочешь работать в команде, увлеченной своим делом</li> <li>Готов учиться и развиваться</li> <li>Тебе нравятся гаджеты, продажи и общение</li> <li>У тебя грамотная речь и позитивное отношение к людям</li> </ul> <p> </p> <p>Наша команда поможет тебе стать лучшим продавцом!</p> <p>Присоединяйся!</p> <p> </p> <p> </p>",Полная занятость,Полный день,Нет опыта,Без ключевых навыков,,88125.0,,50000.0,продавец консультант,"Хочешь работать в команде, увлеченной своим делом. Готов учиться и развиваться. Тебе нравятся гаджеты, продажи и общение. У тебя грамотная...",Помогать клиентам в выборе лучших технических новинок. Продавать товары и услуги. Подключать к операторам связи и интернет-провайдерам. ,19,продавец
Москва,Связной,2019-12-10T10:30:06+0300,"<p>Ты заряжен энергией и хочешь превратить ее в деньги?</p> <p>Приходи работать к нам!</p> <p> </p> <p><strong>У нас есть все для успешного старта твоей карьеры:</strong></p> <ul> <li>Бесплатное корпоративное обучение</li> <li>Стипендия на начальном этапе</li> <li>Неограниченная премия по результатам работы</li> <li>Работа для опытных и для новичков</li> <li>Лучшие мотивации с возможностью поездок по всему миру</li> <li>Скидки на товар и авиабилеты</li> <li>Гибкий рабочий график</li> <li>Белая зарплата и оформление по ТК РФ</li> <li>Возможность быстрого карьерного роста</li> <li>Льготное кредитование для сотрудников у банков-партнеров</li> </ul> <p> </p> <p><strong>С нами ты будешь:</strong></p> <ul> <li>Помогать клиентам в выборе лучших технических новинок</li> <li>Продавать товары и услуги</li> <li>Подключать к операторам связи и интернет-провайдерам</li> <li>Общаться с большим количеством людей и находить друзей</li> </ul> <p> </p> <p><strong>Рады сотрудничать, если:</strong></p> <ul> <li>Хочешь работать в команде, увлеченной своим делом</li> <li>Готов учиться и развиваться</li> <li>Тебе нравятся гаджеты, продажи и общение</li> <li>У тебя грамотная речь и позитивное отношение к людям</li> </ul> <p> </p> <p>Наша команда поможет тебе стать лучшим продавцом!</p> <p>Присоединяйся!</p>",Полная занятость,Полный день,Нет опыта,Без ключевых навыков,,88125.0,,50000.0,продавец консультант,"Хочешь работать в команде, увлеченной своим делом. Готов учиться и развиваться. Тебе нравятся гаджеты, продажи и общение. У тебя грамотная...",Помогать клиентам в выборе лучших технических новинок. Продавать товары и услуги. Подключать к операторам связи и интернет-провайдерам. ,11,продавец
Москва,Билайн,2019-12-11T13:51:22+0300,"<p><strong>Офис продаж – «визитная карточка» нашего бизнеса! И ты можешь стать частью передовой команды!</strong></p> <p><strong>Ты:</strong></p> <ul> <li>Мечтаешь работать с технологиями, опережающими время и создающими будущее?</li> </ul> <p>· Стремишься быть в гуще событий, в команде таких же целеустремленных и драйвовых, как и ты?</p> <p>· Хочешь знать, как это – приходить на работу с удовольствием?</p> <ul> <li>Уже получил высшее/среднее-профессиональное образование или заканчиваешь обучение и готов сделать первый шаг к своему успеху?</li> </ul> <p><strong>Чем ты будешь заниматься:</strong></p> <ul> <li>Продавать инновационные продукты и услуги Компании, делающие жизнь людей проще и лучше: крутые девайсы, смартфоны и аксессуары к ним!</li> <li>Делиться своей экспертизой и знаниями, консультируя клиентов и помогая им решать самые разные задачи.</li> </ul> <p><strong>У тебя будет:</strong></p> <ul> <li>Крутая команда и помощь руководителя, активная жизнь: корпоративные праздники, открытое общение с коллегами в корпоративной сети и в реальном мире.</li> </ul> <p>· Вводное (с выплатой стипендии) и регулярное обучение - мир технологий быстро меняется, и ты будешь всегда в курсе самых актуальных новинок.</p> <p>· Возможность отлично зарабатывать: гарантированный оклад + премия!</p> <p>· Полностью официальное оформление и выплаты.</p> <p>· Дополнительные льготы и бонусы от компании: полис добровольного медицинского страхования (включает стоматологию), скидки на покупку девайсов, корпоративная мобильная связь и интернет и многое другое - ты сам убедишься в качестве наших услуг!</p> <p>· Удобное место и график работы (2/2) или (5/2, плавающие выходные, 2 варианта смен в день)</p> <p><strong>Специальные условия для кандидатов, имеющих опыт работы в сфере информационных технологий от полугода: </strong></p> <ul> <li>Оформление в штат без стажировки.</li> </ul> <p> </p> <p>В Билайн мы развиваем и поддерживаем здоровую и безопасную рабочую среду.</p> <p>Каждый сотрудник соблюдает Кодекс поведения, внутренние правила компании и придерживается принципов деловой этики.</p> <p>Мы поступаем честно и этично как по отношению к друг другу, так и к нашим внешним партнерам.</p> <p><strong>Мы верим в возможности человека и помогаем раскрыть их даже тем, у кого нет опыта!</strong></p> <p><strong>Приходи, б</strong><strong>удет круто! #яработаювбилайн #хочувбилайн #followbeeline</strong></p>",Полная занятость,Полный день,Нет опыта,Без ключевых навыков,,100000.0,,45000.0,продавец консультант,"Специальные условия для кандидатов, имеющих опыт работы в сфере информационных технологий от полугода: Каждый сотрудник соблюдает Кодекс поведения, внутренние правила...",Без обязанностей,9,продавец
Москва,Связной,2019-12-10T10:30:06+0300,"<p>Ты заряжен энергией и хочешь превратить ее в деньги?</p> <p>Приходи работать к нам!</p> <p> </p> <p><strong>У нас есть все для успешного старта твоей карьеры:</strong></p> <ul> <li>Бесплатное корпоративное обучение</li> <li>Стипендия на начальном этапе</li> <li>Неограниченная премия по результатам работы</li> <li>Работа для опытных и для новичков</li> <li>Лучшие мотивации с возможностью поездок по всему миру</li> <li>Скидки на товар и авиабилеты</li> <li>Гибкий рабочий график</li> <li>Белая зарплата и оформление по ТК РФ</li> <li>Возможность быстрого карьерного роста</li> <li>Льготное кредитование для сотрудников у банков-партнеров</li> </ul> <p> </p> <p><strong>С нами ты будешь:</strong></p> <ul> <li>Помогать клиентам в выборе лучших технических новинок</li> <li>Продавать товары и услуги</li> <li>Подключать к операторам связи и интернет-провайдерам</li> <li>Общаться с большим количеством людей и находить друзей</li> </ul> <p> </p> <p><strong>Рады сотрудничать, если:</strong></p> <ul> <li>Хочешь работать в команде, увлеченной своим делом</li> <li>Готов учиться и развиваться</li> <li>Тебе нравятся гаджеты, продажи и общение</li> <li>У тебя грамотная речь и позитивное отношение к людям</li> </ul> <p> </p> <p>Наша команда поможет тебе стать лучшим продавцом!</p> <p>Присоединяйся!</p>",Полная занятость,Полный день,Нет опыта,Без ключевых навыков,,88125.0,,50000.0,продавец консультант,"Хочешь работать в команде, увлеченной своим делом. Готов учиться и развиваться. Тебе нравятся гаджеты, продажи и общение. У тебя грамотная...",Помогать клиентам в выборе лучших технических новинок. Продавать товары и услуги. Подключать к операторам связи и интернет-провайдерам. ,11,продавец
Москва,Билайн,2019-12-12T14:07:24+0300,"<p><strong>Офис продаж – «визитная карточка» нашего бизнеса! И ты можешь стать частью передовой команды!</strong></p> <p><strong>Ты:</strong></p> <ul> <li>Мечтаешь работать с технологиями, опережающими время и создающими будущее?</li> </ul> <p>· Стремишься быть в гуще событий, в команде таких же целеустремленных и драйвовых, как и ты?</p> <p>· Хочешь знать, как это – приходить на работу с удовольствием?</p> <ul> <li>Уже получил высшее/среднее-профессиональное образование или заканчиваешь обучение и готов сделать первый шаг к своему успеху?</li> </ul> <p><strong>Чем ты будешь заниматься:</strong></p> <ul> <li>Продавать инновационные продукты и услуги Компании, делающие жизнь людей проще и лучше: крутые девайсы, смартфоны и аксессуары к ним!</li> <li>Делиться своей экспертизой и знаниями, консультируя клиентов и помогая им решать самые разные задачи.</li> </ul> <p><strong>У тебя будет:</strong></p> <ul> <li>Крутая команда и помощь руководителя, активная жизнь: корпоративные праздники, открытое общение с коллегами в корпоративной сети и в реальном мире.</li> </ul> <p>· Вводное (с выплатой стипендии) и регулярное обучение - мир технологий быстро меняется, и ты будешь всегда в курсе самых актуальных новинок.</p> <p>· Возможность отлично зарабатывать: гарантированный оклад + премия!</p> <p>· Полностью официальное оформление и выплаты.</p> <p>· Дополнительные льготы и бонусы от компании: полис добровольного медицинского страхования (включает стоматологию), скидки на покупку девайсов, корпоративная мобильная связь и интернет и многое другое - ты сам убедишься в качестве наших услуг!</p> <p>· Удобное место и график работы (5/2, плавающие выходные, 2 варианта смен в день, график 2/2)</p> <p> </p> <p><strong>Специальные условия для кандидатов, имеющих опыт работы в сфере информационных технологий от полугода: </strong></p> <ul> <li>Оформление в штат без стажировки.</li> </ul> <p> </p> <p>В Билайн мы развиваем и поддерживаем здоровую и безопасную рабочую среду.</p> <p>Каждый сотрудник соблюдает Кодекс поведения, внутренние правила компании и придерживается принципов деловой этики.</p> <p>Мы поступаем честно и этично как по отношению к друг другу, так и к нашим внешним партнерам.</p> <p><strong>Мы верим в возможности человека и помогаем раскрыть их даже тем, у кого нет опыта!</strong></p> <p><strong>Приходи, б</strong><strong>удет круто! #яработаювбилайн #хочувбилайн #followbeeline</strong></p>",Полная занятость,Полный день,Нет опыта,Без ключевых навыков,,100000.0,,45000.0,продавец консультант,"Специальные условия для кандидатов, имеющих опыт работы в сфере информационных технологий от полугода: Каждый сотрудник соблюдает Кодекс поведения, внутренние правила...",Без обязанностей,8,продавец
Санкт-Петербург,Сеть магазинов цифровой и бытовой техники DNS,2019-11-29T09:11:26+0300,"<p><strong>Обязанности:</strong></p> <p><em>Федеральная сеть цифровой и бытовой техники приглашает на вакансию продавца-консультанта, в обязанности которого входит:</em></p> <ul> <li>Продажа компьютерной, цифровой и бытовой техники;</li> <li>Консультирование клиентов по интересующим вопросам;</li> <li>Активное участие в жизнедеятельности магазина;</li> <li>Развитие и поддержание долгосрочных отношений с клиентами;</li> </ul> <p><strong>Требования:</strong></p> <ul> <li>Внимательность, доброжелательность, грамотная речь, активность.</li> <li>Предпочтительно знание цифровой и бытовой техники.</li> <li>Будет плюсом наличие опыта работы в сфере продаж;</li> </ul> <p> </p> <p><em>РАССМАТРИВАЕМ КАНДИДАТОВ БЕЗ ОПЫТА РАБОТЫ!</em></p> <p><em>Главное – это Ваше желание работать и развиваться.</em></p> <p><em>Амбициозность приветствуется</em></p> <p><strong>Условия:</strong></p> <ul> <li>Корпоративное обучение за счет Компании;</li> <li>Команда единомышленников, живущих в стиле digital;</li> <li>Возможность карьерного роста. Мы готовы вкладываться в перспективных сотрудников;</li> <li>Официальное трудоустройство с 1-го дня работы, зарплата полностью «белая» и вовремя;</li> <li>Плавающий график работы (4/2,4/3);</li> <li>Социальный пакет (больничные листы, отпуск, переработки, командировки оплачиваются);</li> <li>Возможность приобретения товара со скидкой.</li> </ul> <p>НЕ УПУСТИ СВОЙ ШАНС СТАТЬ УПРАВЛЯЮЩИМ МАГАЗИНА!</p>",Полная занятость,Гибкий график,Нет опыта,Без ключевых навыков,,50000.0,,30000.0,продавец консультант,"Внимательность, доброжелательность, грамотная речь, активность. Предпочтительно знание цифровой и бытовой техники. Будет плюсом наличие опыта работы в сфере продаж.","Продажа компьютерной, цифровой и бытовой техники. Консультирование клиентов по интересующим вопросам. Активное участие в жизнедеятельности магазина. Развитие и поддержание долгосрочных...",22,продавец
Санкт-Петербург,Сеть магазинов цифровой и бытовой техники DNS,2019-12-11T15:33:52+0300,"<p><em>Федеральная сеть магазинов цифровой и бытовой техники DNS ищет в команду профессиональных продавцов</em></p> <p> </p> <p><strong>Мы предлагаем:</strong></p> <p> </p> <p>- работу в известной стабильной компании с 20-ти летней историей;</p> <p>- белую заработную плату;</p> <p>- возможность первыми знакомиться с новинками цифровой и бытовой техники;</p> <p>- перспективы карьерного роста за 6 месяцев;</p> <p>- обучение и профессиональное развитие;</p> <p>- понимающего руководителя;</p> <p>- прозрачные процессы и справедливое вознаграждение;</p> <p>- работу рядом с домом;</p> <p> </p> <p><strong>Что предстоит делать:</strong></p> <p> </p> <p>- профессионально консультировать Клиентов без навязывания;</p> <p>- принимать активное участие в жизни магазина (поддерживать крутой вид и качественный сервис);</p> <p> </p> <p><strong>Что ждем:</strong></p> <p> </p> <p>- желание расти и развиваться вместе с компанией;</p> <p>- стремление помогать Клиентам делать лучший выбор;</p> <p>- если нет опыта, готовность его приобретать;</p> <p>- ответственность и дисциплинированность;</p> <p> </p> <p><strong><em>DNS – компания, в которой хорошо. Мы уже меняем мир к лучшему, присоединяйся!</em></strong></p> <p> </p> <p> </p> <p>За подробной информацией обращайтесь по телефону / WhatsApp / Telegram</p>",Полная занятость,Полный день,Нет опыта,|Прямые продажи|Розничная торговля|Работа в команде,,50000.0,,30000.0,продавец консультант,"желание расти и развиваться вместе с компанией. - стремление помогать Клиентам делать лучший выбор. - если нет опыта, готовность его приобретать. - ",профессионально консультировать Клиентов без навязывания. - принимать активное участие в жизни магазина (поддерживать крутой вид и качественный сервис).,9,продавец
Санкт-Петербург,Билайн,2019-12-11T14:51:18+0300,"<p><strong>Офис продаж – «визитная карточка» нашего бизнеса! И ты можешь стать частью передовой команды!</strong></p> <p><strong>Ты:</strong></p> <ul> <li>Мечтаешь работать с технологиями, опережающими время и создающими будущее?</li> </ul> <p>· Стремишься быть в гуще событий, в команде таких же целеустремленных и драйвовых, как и ты?</p> <p>· Хочешь знать, как это – приходить на работу с удовольствием?</p> <ul> <li>Уже получил высшее/среднее-профессиональное образование или заканчиваешь обучение и готов сделать первый шаг к своему успеху?</li> </ul> <p><strong>Чем ты будешь заниматься:</strong></p> <ul> <li>Продавать инновационные продукты и услуги Компании, делающие жизнь людей проще и лучше: крутые девайсы, смартфоны и аксессуары к ним!</li> <li>Делиться своей экспертизой и знаниями, консультируя клиентов и помогая им решать самые разные задачи.</li> </ul> <p><strong>У тебя будет:</strong></p> <ul> <li>Крутая команда и помощь руководителя, активная жизнь: корпоративные праздники, открытое общение с коллегами в корпоративной сети и в реальном мире.</li> </ul> <p>· Вводное (с выплатой стипендии) и регулярное обучение - мир технологий быстро меняется, и ты будешь всегда в курсе самых актуальных новинок.</p> <p>· Возможность отлично зарабатывать: гарантированный оклад + премия!</p> <p>· Полностью официальное оформление и выплаты.</p> <p>· Дополнительные льготы и бонусы от компании: полис добровольного медицинского страхования (включает стоматологию), скидки на покупку девайсов, корпоративная мобильная связь и интернет и многое другое - ты сам убедишься в качестве наших услуг!</p> <p>· Удобное место и график работы (5/2, плавающие выходные, 2 варианта смен в день)</p> <p><strong>Специальные условия для кандидатов, имеющих опыт работы в сфере информационных технологий от полугода: </strong></p> <ul> <li>Оформление в штат без стажировки.</li> </ul> <p>В Билайн мы развиваем и поддерживаем здоровую и безопасную рабочую среду.</p> <p>Каждый сотрудник соблюдает Кодекс поведения, внутренние правила компании и придерживается принципов деловой этики.</p> <p>Мы поступаем честно и этично как по отношению к друг другу, так и к нашим внешним партнерам.</p> <p><strong>Мы верим в возможности человека и помогаем раскрыть их даже тем, у кого нет опыта!</strong></p> <p><strong>Приходи, б</strong><strong>удет круто! #яработаювбилайн #хочувбилайн #followbeeline</strong></p>",Полная занятость,Полный день,Нет опыта,Без ключевых навыков,,105000.0,,45000.0,продавец,"Специальные условия для кандидатов, имеющих опыт работы в сфере информационных технологий от полугода: Каждый сотрудник соблюдает Кодекс поведения, внутренние правила...",Без обязанностей,9,продавец
Санкт-Петербург,Билайн,2019-12-11T16:38:26+0300,"<p><strong>Офис продаж – «визитная карточка» нашего бизнеса! И ты можешь стать частью передовой команды!</strong></p> <p><strong>Ты:</strong></p> <ul> <li>Мечтаешь работать с технологиями, опережающими время и создающими будущее?</li> </ul> <p>· Стремишься быть в гуще событий, в команде таких же целеустремленных и драйвовых, как и ты?</p> <p>· Хочешь знать, как это – приходить на работу с удовольствием?</p> <ul> <li>Уже получил высшее/среднее-профессиональное образование или заканчиваешь обучение и готов сделать первый шаг к своему успеху?</li> </ul> <p><strong>Чем ты будешь заниматься:</strong></p> <ul> <li>Продавать инновационные продукты и услуги Компании, делающие жизнь людей проще и лучше: крутые девайсы, смартфоны и аксессуары к ним!</li> <li>Делиться своей экспертизой и знаниями, консультируя клиентов и помогая им решать самые разные задачи.</li> </ul> <p><strong>У тебя будет:</strong></p> <ul> <li>Крутая команда и помощь руководителя, активная жизнь: корпоративные праздники, открытое общение с коллегами в корпоративной сети и в реальном мире.</li> </ul> <p>· Вводное (с выплатой стипендии) и регулярное обучение - мир технологий быстро меняется, и ты будешь всегда в курсе самых актуальных новинок.</p> <p>· Возможность отлично зарабатывать: гарантированный оклад + премия!</p> <p>· Полностью официальное оформление и выплаты.</p> <p>· Дополнительные льготы и бонусы от компании: полис добровольного медицинского страхования (включает стоматологию), скидки на покупку девайсов, корпоративная мобильная связь и интернет и многое другое - ты сам убедишься в качестве наших услуг!</p> <ul> <li>Удобное место и график работы (5/2, плавающие выходные, 2 варианта смен в день)</li> </ul> <p> </p> <p><strong>Специальные условия для кандидатов, имеющих опыт работы в сфере информационных технологий от полугода: </strong></p> <ul> <li>Оформление в штат без стажировки.</li> </ul> <p> </p> <p>В Билайн мы развиваем и поддерживаем здоровую и безопасную рабочую среду.</p> <p>Каждый сотрудник соблюдает Кодекс поведения, внутренние правила компании и придерживается принципов деловой этики.</p> <p>Мы поступаем честно и этично как по отношению к друг другу, так и к нашим внешним партнерам.</p> <p><strong>Мы верим в возможности человека и помогаем раскрыть их даже тем, у кого нет опыта!</strong></p> <p><strong>Приходи, б</strong><strong>удет круто! #яработаювбилайн #хочувбилайн #followbeeline</strong></p> <p> </p>",Полная занятость,Полный день,Нет опыта,Без ключевых навыков,,105000.0,,45000.0,продавец консультант,"Специальные условия для кандидатов, имеющих опыт работы в сфере информационных технологий от полугода: Каждый сотрудник соблюдает Кодекс поведения, внутренние правила...",Без обязанностей,9,продавец
Санкт-Петербург,Билайн,2019-12-04T17:58:04+0300,"<p><strong>Офис продаж – «визитная карточка» нашего бизнеса! И ты можешь стать частью передовой команды!</strong></p> <p><strong>Ты:</strong></p> <ul> <li>Мечтаешь работать с технологиями, опережающими время и создающими будущее?</li> </ul> <p>· Стремишься быть в гуще событий, в команде таких же целеустремленных и драйвовых, как и ты?</p> <p>· Хочешь знать, как это – приходить на работу с удовольствием?</p> <ul> <li>Уже получил высшее/среднее-профессиональное образование или заканчиваешь обучение и готов сделать первый шаг к своему успеху?</li> </ul> <p><strong>Чем ты будешь заниматься:</strong></p> <ul> <li>Продавать инновационные продукты и услуги Компании, делающие жизнь людей проще и лучше: крутые девайсы, смартфоны и аксессуары к ним!</li> <li>Делиться своей экспертизой и знаниями, консультируя клиентов и помогая им решать самые разные задачи.</li> </ul> <p><strong>У тебя будет:</strong></p> <ul> <li>Крутая команда и помощь руководителя, активная жизнь: корпоративные праздники, открытое общение с коллегами в корпоративной сети и в реальном мире.</li> </ul> <p>· Вводное (с выплатой стипендии) и регулярное обучение - мир технологий быстро меняется, и ты будешь всегда в курсе самых актуальных новинок.</p> <p>· Возможность отлично зарабатывать: гарантированный оклад + премия!</p> <p>· Полностью официальное оформление и выплаты.</p> <p>· Дополнительные льготы и бонусы от компании: полис добровольного медицинского страхования (включает стоматологию), скидки на покупку девайсов, корпоративная мобильная связь и интернет и многое другое - ты сам убедишься в качестве наших услуг!</p> <ul> <li>Удобное место и график работы (5/2, плавающие выходные, 2 варианта смен в день)</li> </ul> <p> </p> <p><strong>Специальные условия для кандидатов, имеющих опыт работы в сфере информационных технологий от полугода: </strong></p> <ul> <li>Оформление в штат без стажировки.</li> </ul> <p> </p> <p>В Билайн мы развиваем и поддерживаем здоровую и безопасную рабочую среду.</p> <p>Каждый сотрудник соблюдает Кодекс поведения, внутренние правила компании и придерживается принципов деловой этики.</p> <p>Мы поступаем честно и этично как по отношению к друг другу, так и к нашим внешним партнерам.</p> <p><strong>Мы верим в возможности человека и помогаем раскрыть их даже тем, у кого нет опыта!</strong></p> <p><strong>Приходи, б</strong><strong>удет круто! #яработаювбилайн #хочувбилайн #followbeeline</strong></p> <p> </p>",Полная занятость,Полный день,Нет опыта,Без ключевых навыков,,105000.0,,45000.0,продавец консультант,"Специальные условия для кандидатов, имеющих опыт работы в сфере информационных технологий от полугода: Каждый сотрудник соблюдает Кодекс поведения, внутренние правила...",Без обязанностей,16,продавец
Санкт-Петербург,Коннект-Групп,2019-12-13T10:33:03+0300,"<p>ВСТАВАЙ НА СТОРОНУ ЖЕЛТЫХ и черных!<br /><br />Франшиза Билайна работает не покладая рук, открывает салоны, помогает компании развиваться во все стороны. В связи с этим приглашаем на работу продавцов-консультантов офисов обслуживания.<br /><br />Мы ценим людей и даем как уверенный старт в сфере сотовой связи, так и предлагаем быстрое продвижение по карьерной лестнице.<br /><br /><strong>Условия для работы радуют:</strong></p> <ul> <li>Официальное трудоустройство по трудовой с первого дня работы;</li> <li>Удобный сменный график (5/2, 2/2, 3/3);</li> <li>Конкурентоспособная заработная плата (оклад+премии);</li> <li>Удобное месторасположение салона (в здании метро Академическая);</li> <li>Коллеги, всегда готовые оказать поддержку и помощь;</li> <li>Бесплатная мобильная связь</li> </ul> <p><strong>Что нужно делать:</strong></p> <ul> <li>Общаться с клиентами - вам придется отвечать на вопросы и помогать в выборе современных гаджетов и удобных тарифных планов для безграничного общения (да-да, Вы станете настоящим профессионалом в вопросах связи);;</li> <li>Выполнять намеченные цели для достижения результатов офиса;</li> <li>Составлять отчетности в корпоративной программе</li> </ul> <p><br /><strong>Ожидаем от Вас:</strong></p> <ul> <li>Прошлый опыт работы в &quot;Билайне&quot; будет являться бо-о-о-ольшим преимуществом<strong>;</strong></li> <li>Грамотная речь, коммуникабельность;</li> <li>Быстрая обучаемость;</li> <li>Нацеленность на результат.</li> </ul> <p><br /><strong>ЗВОНИТЕ СЕЙЧАС И ПРИСЫЛАЙТЕ РЕЗЮМЕ, собеседования проводятся каждый день=).</strong></p> <p> </p>",Полная занятость,Сменный график,Нет опыта,|Обслуживание покупателей|Клиентоориентированность|Навыки межличностного общения|Умение работать в команде|Ориентация на результат|Работа с жалобами клиентов|Ориентация на клиента|Мобильность|Планирование карьеры|Грамотная речь|Деловое общение|Пользователь ПК|Работа в команде|Грамотность,,70000.0,,35000.0,продавец консультант салона связи билайн,"Прошлый опыт работы в &quot;Билайне&quot; будет являться бо-о-о-ольшим преимуществом. Грамотная речь, коммуникабельность. Быстрая обучаемость. Нацеленность на результат.",Выполнять намеченные цели для достижения результатов офиса. Составлять отчетности в корпоративной программе.,8,продавец
Санкт-Петербург,Билайн,2019-12-13T14:42:26+0300,"<p>Ты наш человек, если понятия «честность», «открытость» и «добросовестность» для тебя важны, и ты готов соответствовать высоким стандартам деловой этики и корпоративной культуры: соблюдать Кодекс поведения, политики и процедуры Компании. Мы сработаемся, если наши ценности - «люблю клиента», «работаю в команде», «отвечаю за бизнес-результат», «создаю будущее» и «честен и открыт» - близки тебе!!</p> <p><strong>Офис продаж – «визитная карточка» нашего бизнеса! И ты можешь стать частью передовой команды!</strong></p> <p><strong>Ты:</strong></p> <ul> <li>Мечтаешь работать с технологиями, опережающими время и создающими будущее?</li> <li>Стремишься быть в гуще событий, в команде таких же целеустремленных и драйвовых, как и ты?</li> <li>Хочешь знать, как это – приходить на работу с удовольствием?</li> <li>Уже получил высшее/среднее-профессиональное образование или заканчиваешь обучение и готов сделать первый шаг к своему успеху?</li> </ul> <p><strong>Чем ты будешь заниматься:</strong></p> <ul> <li>Продавать инновационные продукты и услуги Компании, делающие жизнь людей проще и лучше: крутые девайсы, смартфоны и аксессуары к ним!</li> <li>Делиться своей экспертизой и знаниями, консультируя клиентов и помогая им решать самые разные задачи.</li> </ul> <p><strong>У тебя будет:</strong></p> <ul> <li>Крутая команда и помощь руководителя, активная жизнь: корпоративные праздники, открытое общение с коллегами в корпоративной сети и в реальном мире.</li> <li>Вводное (с выплатой стипендии) и регулярное обучение - мир технологий быстро меняется, и ты будешь всегда в курсе самых актуальных новинок.</li> <li>Возможность отлично зарабатывать: гарантированный оклад + премия !</li> <li>Полностью официальное оформление и выплаты.</li> <li>Дополнительные льготы и бонусы от компании: полис добровольного медицинского страхования (включает стоматологию), скидки на покупку девайсов, корпоративная мобильная связь и интернет и многое другое - ты сам убедишься в качестве наших услуг!</li> <li>Удобное место и график работы (5/2 c плавающими выходными)</li> </ul> <p> </p> <p><strong>Специальные условия для кандидатов, имеющих опыт работы в сфере информационных технологий от полугода: </strong></p> <ul> <li>Оформление в штат без стажировки.</li> </ul> <p> </p> <p><strong>Мы верим в возможности человека и помогаем раскрыть их даже тем, у кого нет опыта!</strong></p> <p><strong>Приходи, будет круто! </strong></p>",Полная занятость,Полный день,Нет опыта,Без ключевых навыков,,105000.0,,45000.0,продавец консультант,"Специальные условия для кандидатов, имеющих опыт работы в сфере информационных технологий от полугода:",Без обязанностей,7,продавец
Екатеринбург,Общий центр обслуживания Пикта,2019-12-13T15:00:03+0300,"<p>Крупнейшая телекоммуникационная Компания МегаФон Ритейл приглашает на работу на вакансию Специалиста офиса продаж и обслуживания в Салоны связи МегаФон!</p> <p><strong>Какие задачи необходимо решать:</strong></p> <ul> <li>Продавать мобильные устройства (смартфоны, планшеты, телефоны и другие устройства), аксессуары</li> <li>Консультировать клиентов</li> <li>Подключать и обслуживать абонентов «МегаФон»</li> <li>Решать организационные вопросы (открытие, закрытие салона, поддержание чистоты в салоне)</li> </ul> <p><strong>Для решения этих задач требуется:</strong></p> <ul> <li>Высокие коммуникативные навыки</li> <li>Клиентоориентированность</li> <li>Целеустремленность</li> <li>Опыт работы в продажах желателен</li> <li>Знание ПК (word/excel)</li> <li>Желание работать в режиме многозадачности</li> </ul> <p><strong>Мы предлагаем:</strong></p> <ul> <li>Официальное трудоустройство</li> <li>Фиксированный оклад + ежемесячная премия</li> <li>Гибкий график работы (5/2 с плавающими выходными)</li> <li>Корпоративную мобильную связь</li> <li>ДМС</li> <li>Корпоративное обучение и тренинги</li> <li>Возможность карьерного и профессионально роста</li> </ul> <p><strong>Откликайся!</strong></p>",Полная занятость,Полный день,Нет опыта,Без ключевых навыков,,59000.0,,35000.0,"продавец консультант салона связи ""мегафон""",Высокие коммуникативные навыки. Клиентоориентированность. Целеустремленность. Опыт работы в продажах желателен. Знание ПК (word/excel). Желание работать в режиме многозадачности.,"Продавать мобильные устройства (смартфоны, планшеты, телефоны и другие устройства), аксессуары. Консультировать клиентов. Подключать и обслуживать абонентов «МегаФон». Решать организационные вопросы...",7,продавец
Екатеринбург,ANCOR Consumer Goods,2019-12-09T12:10:40+0300,"<p>Открыта вакансия продавца-консультанта на бренд аудио и видео техники<strong> крупной </strong> <strong>международной</strong> <strong> компании</strong>.</p> <p><strong>Обязанности:</strong></p> <ul> <li>Выполнение плана продаж;</li> <li>Консультирование покупателей по техническим характеристикам продаваемой техники, мотивирование на покупку;</li> <li>Обеспечение постоянного наличия продукта на полке и в накопителях в соответствии с утвержденной продуктовой матрицей в торговой точке;</li> <li>Ведение ежедневной/еженедельной/ежемесячной отчетности;</li> <li>Установление и поддержание, долгосрочные деловых связей с администрацией торгового зала и персоналом торговой точки.</li> </ul> <p><strong>Требования:</strong></p> <ul> <li>Опыт работы в продажах КБТ/МБТ/АВ/моб. ритейл обязателен;</li> <li>Хорошие презентационные навыки;</li> <li>Ответственность;</li> <li>Активная жизненная позиция, желание расти и развиваться.</li> </ul> <p><strong>Условия:</strong></p> <ul> <li>Конкурентоспособная заработная плата от (оклад + бонусы + cash back);</li> <li>Работа в крупнейших торговых сетях (Эльдорадо, М-Видео, ДНС и др. региональные сети);</li> <li>График работы 8 часов+1 час обеда,5 дней в неделю (среда – воскресенье) с 12.00 до 20.00</li> <li>Оформление по ТК РФ (оплата отпуска, больничных листов);</li> <li>Каждый успешный кандидат проходит бесплатное обучение по продукту и необходимым навыкам;</li> <li>Отличные перспективы профессионального, карьерного и личностного роста.</li> </ul>",Полная занятость,Полный день,От 1 года до 3 лет,Без ключевых навыков,3.0,59750.0,1.0,50000.0,продавец консультант,"Опыт работы в продажах КБТ/МБТ/АВ/моб. ритейл обязателен. Хорошие презентационные навыки. Ответственность. Активная жизненная позиция, желание расти и...","Выполнение плана продаж. Консультирование покупателей по техническим характеристикам продаваемой техники, мотивирование на покупку. Обеспечение постоянного наличия продукта на полке и...",12,продавец
Екатеринбург,Билайн,2019-12-12T11:42:16+0300,"<p>Ты наш человек, если понятия «честность», «открытость» и «добросовестность» для тебя важны, и ты готов соответствовать высоким стандартам деловой этики и корпоративной культуры: соблюдать Кодекс поведения, политики и процедуры Компании. Мы сработаемся, если наши ценности - «люблю клиента», «работаю в команде», «отвечаю за бизнес-результат», «создаю будущее» и «честен и открыт» - близки тебе!!</p> <p><strong>Офис продаж – «визитная карточка» нашего бизнеса! И ты можешь стать частью передовой команды!</strong></p> <p><strong>Ты:</strong></p> <ul> <li>Мечтаешь работать с технологиями, опережающими время и создающими будущее?</li> <li>Стремишься быть в гуще событий, в команде таких же целеустремленных и драйвовых, как и ты?</li> <li>Хочешь знать, как это – приходить на работу с удовольствием?</li> <li>Уже получил высшее/среднее-профессиональное образование или заканчиваешь обучение и готов сделать первый шаг к своему успеху?</li> </ul> <p><strong>Чем ты будешь заниматься:</strong></p> <ul> <li>Продавать инновационные продукты и услуги Компании, делающие жизнь людей проще и лучше: крутые девайсы, смартфоны и аксессуары к ним!</li> <li>Делиться своей экспертизой и знаниями, консультируя клиентов и помогая им решать самые разные задачи.</li> </ul> <p><strong>У тебя будет:</strong></p> <ul> <li>Крутая команда и помощь руководителя, активная жизнь: корпоративные праздники, открытое общение с коллегами в корпоративной сети и в реальном мире.</li> <li>Вводное (с выплатой стипендии) и регулярное обучение - мир технологий быстро меняется, и ты будешь всегда в курсе самых актуальных новинок.</li> <li>Возможность отлично зарабатывать: гарантированный оклад + бонус</li> <li>Полностью официальное оформление и выплаты.</li> <li>Дополнительные льготы и бонусы от компании: полис добровольного медицинского страхования (включает стоматологию), скидки на покупку девайсов, корпоративная мобильная связь и интернет и многое другое - ты сам убедишься в качестве наших услуг!</li> <li>Удобное место и график работы (5/2, плавающие выходные, 2 варианта смен в день)</li> </ul> <p> </p> <p><strong>Специальные условия для кандидатов, имеющих опыт работы в сфере информационных технологий от полугода: </strong></p> <ul> <li>Оформление в штат без стажировки.</li> </ul> <p> </p> <p><strong>Мы верим в возможности человека и помогаем раскрыть их даже тем, у кого нет опыта!</strong></p> <p><strong>Приходи, будет круто!</strong></p>",Полная занятость,Полный день,Нет опыта,Без ключевых навыков,,60000.0,,40000.0,продавец консультант,"Специальные условия для кандидатов, имеющих опыт работы в сфере информационных технологий от полугода:",Без обязанностей,9,продавец
Екатеринбург,"МОТИВ, телекоммуникационная группа",2019-12-02T07:43:33+0300,"<p><strong>Телекоммуникационная группа МОТИВ</strong> — один из ведущих представителей телекоммуникационной сферы на территории УрФО, Курганской области, ХМАО и ЯНАО. Мы существуем на рынке услуг сотовой связи уже более 20 лет!<br />Вы можете стать частью большой команды единомышленников. Приглашаем Вас на должность <strong>Продавца-консультанта </strong>(Специалиста-кассира офиса).</p> <p><strong>Требования:</strong></p> <ul> <li>Целеустремленность, нацеленность на результат;</li> <li>Активная жизненная позиция, позитивный настрой;</li> <li>Желание работать и зарабатывать;</li> <li>Хорошо развитые коммуникативные навыки, умение заинтересовать и убедить;</li> <li>Готовность учиться самому и передавать свои знания и опыт другим;</li> <li>Желание расти вверх по карьерной лестнице.</li> </ul> <p><strong>Обязанности:</strong></p> <ul> <li>Продажа продуктов и услуг Компании;</li> <li>Консультация клиентов по вопросам услуг сотовой связи;</li> <li>Проведение абонентских операций;</li> <li>Работа с кассой;</li> <li>Участие в мероприятиях, направленных на увеличение продаж.</li> </ul> <p><strong>Условия работы:</strong></p> <ul> <li>Официальное трудоустройство по ТК РФ;</li> <li>Стабильная «белая» заработная плата (оклад + премиальная часть, дающая возможность влиять на свой заработок);</li> <li>Социальный пакет;</li> <li>Корпоративные скидки и интересные акции для сотрудников Компании;</li> <li>Удобное расположение места работы.</li> </ul> <p>А также:</p> <ul> <li>Бесплатное обучение и оплачиваемая стажировка;</li> <li>Корпоративный университет (прохождение Бизнес-тренингов, направленных на развитие профессиональных и личностных качеств);</li> <li>Возможность профессионального и карьерного роста;</li> <li>Насыщенная корпоративная жизнь (праздники, поездки, конференции).</li> </ul>",Полная занятость,Сменный график,Нет опыта,Без ключевых навыков,,59750.0,,30000.0,продавец консультант,"Целеустремленность, нацеленность на результат. Активная жизненная позиция, позитивный настрой. Желание работать и зарабатывать. Хорошо развитые коммуникативные навыки, умение заинтересовать и...",Продажа продуктов и услуг Компании. Консультация клиентов по вопросам услуг сотовой связи. Проведение абонентских операций. Работа с кассой. ,19,продавец
Екатеринбург,Билайн,2019-12-12T14:26:43+0300,"<p><strong>Офис продаж – «визитная карточка» нашего бизнеса! И ты можешь стать частью передовой команды!</strong></p> <p><strong>Ты:</strong></p> <p>· Мечтаешь работать с технологиями, опережающими время и создающими будущее?</p> <p>· Стремишься быть в гуще событий, в команде таких же целеустремленных и драйвовых, как и ты?</p> <p>· Хочешь знать, как это – приходить на работу с удовольствием?</p> <p>· Уже получил высшее/среднее-профессиональное образование или заканчиваешь обучение и готов сделать первый шаг к своему успеху?</p> <p><strong>Чем ты будешь заниматься:</strong></p> <p>· Продавать инновационные продукты и услуги Компании, делающие жизнь людей проще и лучше: крутые девайсы, смартфоны и аксессуары к ним!</p> <p>· Делиться своей экспертизой и знаниями, консультируя клиентов и помогая им решать самые разные задачи.</p> <p><strong>У тебя будет:</strong></p> <p>· Крутая команда и помощь руководителя, активная жизнь: корпоративные праздники, открытое общение с коллегами в корпоративной сети и в реальном мире.</p> <p>· Вводное (с выплатой стипендии) и регулярное обучение - мир технологий быстро меняется, и ты будешь всегда в курсе самых актуальных новинок.</p> <p>· Возможность отлично зарабатывать: гарантированный оклад + премия!</p> <p>· Полностью официальное оформление и выплаты.</p> <p>· Дополнительные льготы и бонусы от компании: полис добровольного медицинского страхования (включает стоматологию), скидки на покупку девайсов, корпоративная мобильная связь и интернет и многое другое - ты сам убедишься в качестве наших услуг!</p> <p>· Удобное место и график работы (5/2, плавающие выходные, 2 варианта смен в день)</p> <p><strong>Специальные условия для кандидатов, имеющих опыт работы в сфере информационных технологий от полугода:</strong></p> <p>· Оформление в штат без стажировки.</p> <p>В Билайн мы развиваем и поддерживаем здоровую и безопасную рабочую среду.</p> <p>Каждый сотрудник соблюдает Кодекс поведения, внутренние правила компании и придерживается принципов деловой этики.</p> <p>Мы поступаем честно и этично как по отношению к друг другу, так и к нашим внешним партнерам.</p> <p><strong>Мы верим в возможности человека и помогаем раскрыть их даже тем, у кого нет опыта!</strong></p> <p>Приходи, будет круто!</p>",Полная занятость,Полный день,Нет опыта,Без ключевых навыков,,60000.0,,40000.0,продавец консультант в офис продаж,"Специальные условия для кандидатов, имеющих опыт работы в сфере информационных технологий от полугода: Каждый сотрудник соблюдает Кодекс поведения, внутренние правила...",Без обязанностей,8,продавец
Екатеринбург,Билайн,2019-12-13T07:58:58+0300,"<p><strong>Офис продаж – «визитная карточка» нашего бизнеса! И ты можешь стать частью передовой команды!</strong></p> <p><strong>Ты:</strong></p> <p>· Мечтаешь работать с технологиями, опережающими время и создающими будущее?</p> <p>· Стремишься быть в гуще событий, в команде таких же целеустремленных и драйвовых, как и ты?</p> <p>· Хочешь знать, как это – приходить на работу с удовольствием?</p> <p>· Уже получил высшее/среднее-профессиональное образование или заканчиваешь обучение и готов сделать первый шаг к своему успеху?</p> <p><strong>Чем ты будешь заниматься:</strong></p> <p>· Продавать инновационные продукты и услуги Компании, делающие жизнь людей проще и лучше: крутые девайсы, смартфоны и аксессуары к ним!</p> <p>· Делиться своей экспертизой и знаниями, консультируя клиентов и помогая им решать самые разные задачи.</p> <p><strong>У тебя будет:</strong></p> <p>· Крутая команда и помощь руководителя, активная жизнь: корпоративные праздники, открытое общение с коллегами в корпоративной сети и в реальном мире.</p> <p>· Вводное (с выплатой стипендии) и регулярное обучение - мир технологий быстро меняется, и ты будешь всегда в курсе самых актуальных новинок.</p> <p>· Возможность отлично зарабатывать: гарантированный оклад + премия!</p> <p>· Полностью официальное оформление и выплаты.</p> <p>· Дополнительные льготы и бонусы от компании: полис добровольного медицинского страхования (включает стоматологию), скидки на покупку девайсов, корпоративная мобильная связь и интернет и многое другое - ты сам убедишься в качестве наших услуг!</p> <p>· Удобное место и график работы (5/2, плавающие выходные, 2 варианта смен в день)</p> <p><strong>Специальные условия для кандидатов, имеющих опыт работы в сфере информационных технологий от полугода:</strong></p> <p>· Оформление в штат без стажировки.</p> <p>В Билайн мы развиваем и поддерживаем здоровую и безопасную рабочую среду.</p> <p>Каждый сотрудник соблюдает Кодекс поведения, внутренние правила компании и придерживается принципов деловой этики.</p> <p>Мы поступаем честно и этично как по отношению к друг другу, так и к нашим внешним партнерам.</p> <p><strong>Мы верим в возможности человека и помогаем раскрыть их даже тем, у кого нет опыта!</strong></p> <p>Приходи, будет круто! #яработаювбилайн #хочувбилайн #followbeeline</p>",Полная занятость,Полный день,Нет опыта,Без ключевых навыков,,60000.0,,40000.0,продавец консультант,"Специальные условия для кандидатов, имеющих опыт работы в сфере информационных технологий от полугода: Каждый сотрудник соблюдает Кодекс поведения, внутренние правила...",Без обязанностей,8,продавец
Новосибирск,М.Видео-Эльдорадо,2019-12-10T11:01:38+0300,"<p><strong>Наши пожелания:</strong></p> <p>Отличные коммуникативные навыки;</p> <p>Доброжелательность и грамотная речь.</p> <p><strong>Ваши задачи:</strong></p> <p>Продажа товаров и консультирование покупателей;</p> <p>Информирование клиентов о действующих рекламных акциях;</p> <p>Поддержание порядка в торговом зале и на витринах;</p> <p>Участие в проведении инвентаризаций.</p> <p><strong>Мы обещаем:</strong></p> <p>Оформление в первый рабочий день в полном соответствии с Трудовым кодексом РФ;</p> <p>Достойная заработная плата (фиксированный оклад+ личные проценты);</p> <p>Работа в ведущей федеральной публичной розничной компании;</p> <p>Возможность работать рядом с домом;</p> <p>Карьерный рост;</p> <p>Бесплатное обучение передовым технологиям продаж и самым востребованным знаниям;</p> <p>Корпоративные скидки сотрудникам;</p> <p>Активный, дружный коллектив.</p>",Полная занятость,Полный день,Нет опыта,Без ключевых навыков,,42500.0,,31000.0,продавец консультант,Отличные коммуникативные навыки. Доброжелательность и грамотная речь.,Продажа товаров и консультирование покупателей. Информирование клиентов о действующих рекламных акциях. Поддержание порядка в торговом зале и на витринах. ,11,продавец
Новосибирск,М.Видео-Эльдорадо,2019-12-10T08:31:49+0300,"<p><strong>Наши пожелания:</strong></p> <p>Отличные коммуникативные навыки;</p> <p>Доброжелательность и грамотная речь.</p> <p><strong>Ваши задачи:</strong></p> <p>Продажа товаров и консультирование покупателей;</p> <p>Информирование клиентов о действующих рекламных акциях;</p> <p>Поддержание порядка в торговом зале и на витринах;</p> <p>Участие в проведении инвентаризаций.</p> <p><strong>Мы обещаем:</strong></p> <p>Оформление в первый рабочий день в полном соответствии с Трудовым кодексом РФ;</p> <p>Достойная заработная плата (фиксированный оклад+ личные проценты);</p> <p>Работа в ведущей федеральной публичной розничной компании;</p> <p>Возможность работать рядом с домом;</p> <p>Карьерный рост;</p> <p>Бесплатное обучение передовым технологиям продаж и самым востребованным знаниям;</p> <p>Корпоративные скидки сотрудникам;</p> <p>Активный, дружный коллектив.</p>",Полная занятость,Полный день,Нет опыта,Без ключевых навыков,,42500.0,,31000.0,продавец консультант,Отличные коммуникативные навыки. Доброжелательность и грамотная речь.,Продажа товаров и консультирование покупателей. Информирование клиентов о действующих рекламных акциях. Поддержание порядка в торговом зале и на витринах. ,11,продавец
Новосибирск,М.Видео-Эльдорадо,2019-12-10T08:31:45+0300,"<p><strong>Наши пожелания:</strong></p> <p>Отличные коммуникативные навыки;</p> <p>Доброжелательность и грамотная речь.</p> <p><strong>Ваши задачи:</strong></p> <p>Продажа товаров и консультирование покупателей;</p> <p>Информирование клиентов о действующих рекламных акциях;</p> <p>Поддержание порядка в торговом зале и на витринах;</p> <p>Участие в проведении инвентаризаций.</p> <p><strong>Мы обещаем:</strong></p> <p>Оформление в первый рабочий день в полном соответствии с Трудовым кодексом РФ;</p> <p>Достойная заработная плата (фиксированный оклад+ личные проценты);</p> <p>Работа в ведущей федеральной публичной розничной компании;</p> <p>Возможность работать рядом с домом;</p> <p>Карьерный рост;</p> <p>Бесплатное обучение передовым технологиям продаж и самым востребованным знаниям;</p> <p>Корпоративные скидки сотрудникам;</p> <p>Активный, дружный коллектив.</p>",Полная занятость,Полный день,Нет опыта,Без ключевых навыков,,42500.0,,31000.0,продавец консультант,Отличные коммуникативные навыки. Доброжелательность и грамотная речь.,Продажа товаров и консультирование покупателей. Информирование клиентов о действующих рекламных акциях. Поддержание порядка в торговом зале и на витринах. ,11,продавец
Новосибирск,Мобильный город,2019-12-12T05:10:17+0300,"<p><strong>Приглашаем специалистов по продажам в салоны связи Tele2!</strong></p> <ul> <li><em>Стремишься быть финансово независимым?</em></li> <li><em>Хочешь построить карьеру в стабильной компании с мировым именем?</em></li> <li><em>Или желаешь сменить сферу деятельности и набраться опыта в продажах?</em><em>Мы приветствуем Твои стремления и приглашаем Тебя в нашу команду!</em></li> </ul> <p><strong>Очень круто, если Ты:</strong></p> <ul> <li><em>Умеешь располагать к себе людей.</em></li> <li><em>Активно интересуешься новинками в сфере технологий.</em></li> <li><em>Готов постоянно совершенствовать свои профессиональные и личные навыки.</em></li> </ul> <p><strong>Присоединившись к команде, Ты получаешь:</strong></p> <ul> <li><em>Высокий стабильный доход (оклад + %)</em></li> <li><em>Гибкий график 2/2 или 3/3</em></li> <li><em>Возможность быстрого карьерного роста</em></li> <li><em>Профессиональное обучение и тренинги от лучших тренеров компании (вводное обучение с <strong>выплатой стипендии</strong>)</em></li> <li><em>Компенсация сотовой связи.</em></li> <li><em>Скидки на товары компании.</em></li> <li><em>Лояльное руководство, доброжелательное отношение, помощь и постоянную</em></li> <li><em>поддержку.</em></li> <li><em>Насыщенную корпоративную жизнь. Мы не только хорошо работаем, но и отлично отдыхаем.</em></li> </ul> <p><strong>Познакомиться с нами просто:</strong></p> <p>1. Оставь свой отклик и мы обязательно ответим!</p> <p>2. Позвони по указанному номеру и запишись на собеседование.</p>",Полная занятость,Полный день,Нет опыта,|Холодные звонки|Подбор персонала,,45000.0,,22000.0,продавец консультант tele2,Активно интересуешься новинками в сфере технологий. Готов постоянно совершенствовать свои профессиональные и личные навыки.,Без обязанностей,9,продавец
Новосибирск,Мобильный город,2019-12-11T04:33:28+0300,"<p><strong>Приглашаем специалистов по продажам в салоны связи Tele2!</strong></p> <ul> <li><em>Стремишься быть финансово независимым?</em></li> <li><em>Хочешь построить карьеру в стабильной компании с известным мировым именем?</em></li> <li><em>Или может думаешь сменить сферу деятельности и набраться опыта в продажах?</em></li> </ul> <p><strong>Мы приветствуем Твои стремления и приглашаем Тебя в нашу команду!</strong></p> <p><em>Очень круто, если Ты:</em></p> <p><em>- Умеешь располагать к себе людей.</em></p> <p><em>- Активно интересуешься новинками в сфере технологий.</em></p> <p><em>- Готов постоянно совершенствовать свои профессиональные и личные навыки.</em></p> <p><strong>Став частью нашей команды, ты получишь:</strong></p> <ul> <li><em>Высокий стабильный доход (оклад + %)</em></li> <li><em>Гибкий график 2/2 или 3/3</em></li> <li><em>Возможность быстрого карьерного роста</em></li> <li><em>Оплачиваемое обучение</em></li> <li><em>Сотовая связь за счет компании и корпоративные скидки на товары компании</em></li> <li><em>Лояльное руководство, доброжелательное отношение, помощь и постоянную</em></li> <li><em>поддержку.</em></li> <li><em>Насыщенную корпоративную жизнь. Мы не только хорошо работаем, но и отлично</em> <em>отдыхаем :)</em></li> </ul> <p><strong>Познакомиться с нами просто:</strong></p> <p><strong>1. Оставьте отклик и мы Вам обязательно ответим!</strong></p> <p><strong>2. Позвоните по указанным телефонам и запишитесь на собеседование.</strong></p>",Полная занятость,Сменный график,Нет опыта,|Активные продажи|Работа в команде|Грамотная речь|Пользователь ПК,,45000.0,,25000.0,продавец консультант салона связи tele2,Или может думаешь сменить сферу деятельности и набраться опыта в продажах? - Активно интересуешься новинками в сфере технологий. - Готов постоянно совершенствовать...,Без обязанностей,10,продавец
Казань,Билайн,2019-12-12T13:40:45+0300,"<p><strong>Офис продаж – «визитная карточка» нашего бизнеса! И ты можешь стать частью передовой команды!</strong></p> <p><strong>Ты:</strong></p> <ul> <li>Мечтаешь работать с технологиями, опережающими время и создающими будущее?</li> </ul> <p>· Стремишься быть в гуще событий, в команде таких же целеустремленных и драйвовых, как и ты?</p> <p>· Хочешь знать, как это – приходить на работу с удовольствием?</p> <ul> <li>Уже получил высшее/среднее-профессиональное образование или заканчиваешь обучение и готов сделать первый шаг к своему успеху?</li> </ul> <p><strong>Чем ты будешь заниматься:</strong></p> <ul> <li>Продавать инновационные продукты и услуги Компании, делающие жизнь людей проще и лучше: крутые девайсы, смартфоны и аксессуары к ним!</li> <li>Делиться своей экспертизой и знаниями, консультируя клиентов и помогая им решать самые разные задачи.</li> </ul> <p><strong>У тебя будет:</strong></p> <ul> <li>Крутая команда и помощь руководителя, активная жизнь: корпоративные праздники, открытое общение с коллегами в корпоративной сети и в реальном мире.</li> </ul> <p>· Вводное (с выплатой стипендии) и регулярное обучение - мир технологий быстро меняется, и ты будешь всегда в курсе самых актуальных новинок.</p> <p>· Возможность отлично зарабатывать: гарантированный оклад + премия!</p> <p>· Полностью официальное оформление и выплаты.</p> <p>· Дополнительные льготы и бонусы от компании: полис добровольного медицинского страхования (включает стоматологию), скидки на покупку девайсов, корпоративная мобильная связь и интернет и многое другое - ты сам убедишься в качестве наших услуг!</p> <ul> <li>Удобное место и график работы (5/2, плавающие выходные, 2 варианта смен в день)</li> </ul> <p> </p> <p><strong>Специальные условия для кандидатов, имеющих опыт работы в сфере информационных технологий от полугода: </strong></p> <ul> <li>Оформление в штат без стажировки.</li> </ul> <p> </p> <p>В Билайн мы развиваем и поддерживаем здоровую и безопасную рабочую среду.</p> <p>Каждый сотрудник соблюдает Кодекс поведения, внутренние правила компании и придерживается принципов деловой этики.</p> <p>Мы поступаем честно и этично как по отношению к друг другу, так и к нашим внешним партнерам.</p> <p><strong>Мы верим в возможности человека и помогаем раскрыть их даже тем, у кого нет опыта!</strong></p> <p><strong>Приходи, б</strong><strong>удет круто! #яработаювбилайн #хочувбилайн #followbeeline</strong></p>",Полная занятость,Полный день,Нет опыта,Без ключевых навыков,,70000.0,,32000.0,продавец в салон связи,"Специальные условия для кандидатов, имеющих опыт работы в сфере информационных технологий от полугода: Каждый сотрудник соблюдает Кодекс поведения, внутренние правила...",Без обязанностей,8,продавец
Казань,Общий центр обслуживания Пикта,2019-12-13T14:15:02+0300,"<p>Крупнейшая телекоммуникационная Компания МегаФон Ритейл приглашает на работу на вакансию Специалиста офиса продаж и обслуживания в Салоны связи МегаФон!</p> <p><strong>Какие задачи необходимо решать:</strong></p> <ul> <li>Продавать мобильные устройства (смартфоны, планшеты, телефоны и другие устройства), аксессуары</li> <li>Консультировать клиентов</li> <li>Подключать и обслуживать абонентов «МегаФон»</li> <li>Решать организационные вопросы (открытие, закрытие салона, поддержание чистоты в салоне)</li> </ul> <p><strong>Для решения этих задач требуется:</strong></p> <ul> <li>Высокие коммуникативные навыки</li> <li>Клиентоориентированность</li> <li>Целеустремленность</li> <li>Опыт работы в продажах желателен</li> <li>Знание ПК (word/excel)</li> <li>Желание работать в режиме многозадачности</li> </ul> <p><strong>Мы предлагаем:</strong></p> <ul> <li>Официальное трудоустройство</li> <li>Фиксированный оклад + ежемесячная премия</li> <li>Гибкий график работы (5/2 с плавающими выходными)</li> <li>Корпоративную мобильную связь</li> <li>ДМС</li> <li>Корпоративное обучение и тренинги</li> <li>Возможность карьерного и профессионально роста</li> </ul> <p><strong>Откликайся!</strong></p>",Полная занятость,Полный день,Нет опыта,Без ключевых навыков,,75000.0,,40000.0,"продавец консультант салона связи ""мегафон""",Высокие коммуникативные навыки. Клиентоориентированность. Целеустремленность. Опыт работы в продажах желателен. Знание ПК (word/excel). Желание работать в режиме многозадачности.,"Продавать мобильные устройства (смартфоны, планшеты, телефоны и другие устройства), аксессуары. Консультировать клиентов. Подключать и обслуживать абонентов «МегаФон». Решать организационные вопросы...",7,продавец
Казань,ТАТТЕЛЕКОМ,2019-12-05T09:15:41+0300,"<p><strong>ПАО &quot;Таттелеком&quot; приглашает на работу специалиста с выполнением обязанностей кассира в офис продаж и обслуживания.</strong></p> <p><strong>Мы рады Вам предложить: </strong></p> <ul> <li>официальное трудоустройство по ТК РФ;</li> <li>гарантируем своевременные выплаты заработной платы;</li> <li>достойную заработную плату (оклад 17 000р. + премия 20-30 % от оклада);</li> <li>выплачивается ежегодная премия в размере оклада (17 000 р.) по итогам года;</li> <li>возможность профессионального развития и успешного карьерного роста;</li> <li>удобное расположение офисов продаж: ул.Пушкина.</li> <li>сменный график работы, выходные по графику;</li> <li>дружный коллектив, корпоративные выезды;</li> <li>работу в современном офисе;</li> <li>комфортные условия труда.</li> </ul> <p><strong>Ваши будущие задачи:</strong></p> <ul> <li>прием платежей, телеграмм, кассовое обслуживание;</li> <li>продажа услуг связи (интернет, телевидение, телефония, сим-карты);</li> <li>информирование/консультирование клиентов по предоставляемым услугам связи.</li> </ul> <p><br /><strong>Нам нужен человек, который:</strong></p> <ul> <li>обладает отличными коммуникативными навыками: умеет быстро находить подход к людям, аргументировать и убеждать, всегда доброжелателен, вежлив и стрессоустойчив;</li> <li>средне-специальное и/или высшее образование;</li> <li>знает ПК на уровне уверенного пользователя;</li> <li>приветствуется опыт работы в области продаж и обслуживания не менее 1 года, опыт работы на кассе.</li> </ul> <p><br /><strong>Если Вы готовы учиться новому и достигать успеха, наша команда ждет именно Вас!</strong></p> <p> </p>",Полная занятость,Сменный график,Нет опыта,Без ключевых навыков,,22100.0,,17000.0,продавец кассир услуг связи,"Обладает отличными коммуникативными навыками: умеет быстро находить подход к людям, аргументировать и убеждать, всегда доброжелателен, вежлив и стрессоустойчив. ","Прием платежей, телеграмм, кассовое обслуживание. Продажа услуг связи (интернет, телевидение, телефония, сим-карты). Информирование/консультирование клиентов по предоставляемым услугам связи.",16,продавец
Казань,Билайн,2019-12-06T16:53:55+0300,"<p><strong>Офис продаж – «визитная карточка» нашего бизнеса! И ты можешь стать частью передовой команды!</strong></p> <p><strong>Ты:</strong></p> <ul> <li>Мечтаешь работать с технологиями, опережающими время и создающими будущее?</li> </ul> <p>· Стремишься быть в гуще событий, в команде таких же целеустремленных и драйвовых, как и ты?</p> <p>· Хочешь знать, как это – приходить на работу с удовольствием?</p> <ul> <li>Уже получил высшее/среднее-профессиональное образование или заканчиваешь обучение и готов сделать первый шаг к своему успеху?</li> </ul> <p><strong>Чем ты будешь заниматься:</strong></p> <ul> <li>Продавать инновационные продукты и услуги Компании, делающие жизнь людей проще и лучше: крутые девайсы, смартфоны и аксессуары к ним!</li> <li>Делиться своей экспертизой и знаниями, консультируя клиентов и помогая им решать самые разные задачи.</li> </ul> <p><strong>У тебя будет:</strong></p> <ul> <li>Крутая команда и помощь руководителя, активная жизнь: корпоративные праздники, открытое общение с коллегами в корпоративной сети и в реальном мире.</li> </ul> <p>· Вводное (с выплатой стипендии) и регулярное обучение - мир технологий быстро меняется, и ты будешь всегда в курсе самых актуальных новинок.</p> <p>· Возможность отлично зарабатывать: гарантированный оклад + премия!</p> <p>· Полностью официальное оформление и выплаты.</p> <p>· Дополнительные льготы и бонусы от компании: полис добровольного медицинского страхования (включает стоматологию), скидки на покупку девайсов, корпоративная мобильная связь и интернет и многое другое - ты сам убедишься в качестве наших услуг!</p> <ul> <li>Удобное место и график работы (5/2, плавающие выходные, 2 варианта смен в день)</li> </ul> <p> </p> <p><strong>Специальные условия для кандидатов, имеющих опыт работы в сфере информационных технологий от полугода: </strong></p> <ul> <li>Оформление в штат без стажировки.</li> </ul> <p> </p> <p>В Билайн мы развиваем и поддерживаем здоровую и безопасную рабочую среду.</p> <p>Каждый сотрудник соблюдает Кодекс поведения, внутренние правила компании и придерживается принципов деловой этики.</p> <p>Мы поступаем честно и этично как по отношению к друг другу, так и к нашим внешним партнерам.</p> <p><strong>Мы верим в возможности человека и помогаем раскрыть их даже тем, у кого нет опыта!</strong></p> <p><strong>Приходи, будет круто! </strong></p>",Полная занятость,Полный день,Нет опыта,Без ключевых навыков,,70000.0,,32000.0,продавец консультант,"Специальные условия для кандидатов, имеющих опыт работы в сфере информационных технологий от полугода: Каждый сотрудник соблюдает Кодекс поведения, внутренние правила...",Без обязанностей,14,продавец
Казань,Билайн,2019-11-27T18:01:32+0300,"<p><strong>Офис продаж – «визитная карточка» нашего бизнеса! И ты можешь стать частью передовой команды!</strong></p> <p><strong>Ты:</strong></p> <ul> <li>Мечтаешь работать с технологиями, опережающими время и создающими будущее?</li> </ul> <p>· Стремишься быть в гуще событий, в команде таких же целеустремленных и драйвовых, как и ты?</p> <p>· Хочешь знать, как это – приходить на работу с удовольствием?</p> <ul> <li>Уже получил высшее/среднее-профессиональное образование или заканчиваешь обучение и готов сделать первый шаг к своему успеху?</li> </ul> <p><strong>Чем ты будешь заниматься:</strong></p> <ul> <li>Продавать инновационные продукты и услуги Компании, делающие жизнь людей проще и лучше: крутые девайсы, смартфоны и аксессуары к ним!</li> <li>Делиться своей экспертизой и знаниями, консультируя клиентов и помогая им решать самые разные задачи.</li> </ul> <p><strong>У тебя будет:</strong></p> <ul> <li>Крутая команда и помощь руководителя, активная жизнь: корпоративные праздники, открытое общение с коллегами в корпоративной сети и в реальном мире.</li> </ul> <p>· Вводное (с выплатой стипендии) и регулярное обучение - мир технологий быстро меняется, и ты будешь всегда в курсе самых актуальных новинок.</p> <p>· Возможность отлично зарабатывать: гарантированный оклад + премия!</p> <p>· Полностью официальное оформление и выплаты.</p> <p>· Дополнительные льготы и бонусы от компании: полис добровольного медицинского страхования (включает стоматологию), скидки на покупку девайсов, корпоративная мобильная связь и интернет и многое другое - ты сам убедишься в качестве наших услуг!</p> <ul> <li>Удобное место и график работы (5/2, плавающие выходные, 2 варианта смен в день)</li> </ul> <p> </p> <p><strong>Специальные условия для кандидатов, имеющих опыт работы в сфере информационных технологий от полугода: </strong></p> <ul> <li>Оформление в штат без стажировки.</li> </ul> <p> </p> <p>В Билайн мы развиваем и поддерживаем здоровую и безопасную рабочую среду.</p> <p>Каждый сотрудник соблюдает Кодекс поведения, внутренние правила компании и придерживается принципов деловой этики.</p> <p>Мы поступаем честно и этично как по отношению к друг другу, так и к нашим внешним партнерам.</p> <p><strong>Мы верим в возможности человека и помогаем раскрыть их даже тем, у кого нет опыта!</strong></p> <p><strong>Приходи, будет круто! </strong></p>",Полная занятость,Полный день,Нет опыта,Без ключевых навыков,,70000.0,,32000.0,продавец консультант,"Специальные условия для кандидатов, имеющих опыт работы в сфере информационных технологий от полугода: Каждый сотрудник соблюдает Кодекс поведения, внутренние правила...",Без обязанностей,23,продавец
Казань,Билайн,2019-11-29T15:40:42+0300,"<p><strong>Офис продаж – «визитная карточка» нашего бизнеса! И ты можешь стать частью передовой команды!</strong></p> <p><strong>Ты:</strong></p> <ul> <li>Мечтаешь работать с технологиями, опережающими время и создающими будущее?</li> <li>Стремишься быть в гуще событий, в команде таких же целеустремленных и драйвовых, как и ты?</li> <li>Хочешь знать, как это – приходить на работу с удовольствием?</li> <li>Уже получил высшее/среднее-профессиональное образование или заканчиваешь обучение и готов сделать первый шаг к своему успеху?</li> </ul> <p><strong>Чем ты будешь заниматься:</strong></p> <ul> <li>Продавать инновационные продукты и услуги Компании, делающие жизнь людей проще и лучше: крутые девайсы, смартфоны и аксессуары к ним!</li> <li>Делиться своей экспертизой и знаниями, консультируя клиентов и помогая им решать самые разные задачи.</li> </ul> <p><strong>У тебя будет:</strong></p> <ul> <li>Крутая команда и помощь руководителя, активная жизнь: корпоративные праздники, открытое общение с коллегами в корпоративной сети и в реальном мире.</li> <li>Вводное (с выплатой стипендии) и регулярное обучение - мир технологий быстро меняется, и ты будешь всегда в курсе самых актуальных новинок.</li> <li>Возможность отлично зарабатывать: гарантированный оклад + премия!</li> <li>Полностью официальное оформление и выплаты.</li> <li>Дополнительные льготы и бонусы от компании: полис добровольного медицинского страхования (включает стоматологию), скидки на покупку девайсов, корпоративная мобильная связь и интернет и многое другое - ты сам убедишься в качестве наших услуг!</li> <li>Удобное место и график работы (5/2, плавающие выходные, 2 варианта смен в день)</li> </ul> <p><strong>Специальные условия для кандидатов, имеющих опыт работы в сфере информационных технологий от полугода:</strong></p> <ul> <li>Оформление в штат без стажировки.</li> </ul> <p> </p> <p>В Билайн мы развиваем и поддерживаем здоровую и безопасную рабочую среду.</p> <p>Каждый сотрудник соблюдает Кодекс поведения, внутренние правила компании и придерживается принципов деловой этики.</p> <p>Мы поступаем честно и этично как по отношению к друг другу, так и к нашим внешним партнерам.</p> <p><strong>Мы верим в возможности человека и помогаем раскрыть их даже тем, у кого нет опыта!</strong></p> <p><strong>Приходи, б</strong><strong>удет круто! #яработаювбилайн #хочувбилайн #followbeeline</strong></p>",Полная занятость,Полный день,Нет опыта,|Активные продажи|Деловое общение|Обучение и развитие|Работа в команде|Консультативные продажи,,70000.0,,32000.0,продавец консультант,"Специальные условия для кандидатов, имеющих опыт работы в сфере информационных технологий от полугода: Каждый сотрудник соблюдает Кодекс поведения, внутренние правила...",Без обязанностей,21,продавец
Казань,Digital Sharks,2019-11-20T19:17:27+0300,"<p><strong>Продавец-консультант, будущий эксперт</strong></p> <p>Салам! Мы удаляем информацию из интернета по всей планете, и у нас это круто получается. 40 % клиентов приходят по рекомендации, а customer success достигается в среднем за месяц после первого касания.</p> <p>Ты спросишь:</p> <p>– И чё?</p> <p>И мы ответим:</p> <p>– А ничё. Добро пожаловать в компанию, которую знают и любят клиенты по всему миру. С нами ты станешь умнее и богаче. Мы вырастим из тебя эксперта в сфере антикризисных коммуникаций.</p> <p>Кого мы ищем: умных. Узнал(а) себя – откликайся.</p> <p><strong>Твои обязанности:</strong></p> <ul> <li> <p>холодные продажи услуг компании – 15 % времени;</p> </li> <li> <p>обработка входящих тёплых обращений.</p> </li> </ul> <p><strong>Требования:</strong></p> <ul> <li> <p>успешный опыт в холодных продажах;</p> </li> <li> <p>вера в себя и никакова суецыда.</p> </li> </ul> <p><strong>Условия:</strong></p> <ul> <li> <p>крутая программа обучения: уверенные продажи через 1 месяц (с ростом в эксперта по ремувингу информации);</p> </li> <li> <p>достойно оплачиваемый испытательный срок;</p> </li> <li> <p>действительно неограниченный заработок – спроси коллег, они подтвердят;</p> </li> <li> <p>официальное трудоустройство с комфортным офисом, анлим кофе и фруктами;</p> </li> <li> <p>технологическая компания, идущая к мировому лидерству в сегменте ORM;</p> </li> <li> <p>у нас движ, смех-веселье, любовь-доверие ♥.</p> </li> </ul> <p>Пожалуйста, напиши в сопроводительном письме, как видишь работу с нами, чтобы мы поняли, что ты не робот.</p> <div class=""SnapLinksContainer"" style=""margin-left: 0px; margin-top: 0px; display: none;""> <div class=""SL_SelectionRect""> <div class=""SL_SelectionLabel""> </div> </div> </div>",Полная занятость,Полный день,От 1 года до 3 лет,|B2B Продажи|Управление проектами|Поиск и привлечение клиентов|Ведение переговоров|Холодные продажи|Управление продажами|Заключение договоров|Развитие ключевых клиентов|CRM,3.0,350000.0,1.0,85000.0,продавец консультант,Успешный опыт в холодных продажах. Вера в себя и никакова суецыда.,Холодные продажи услуг компании – 15 % времени. Обработка входящих тёплых обращений.,30,продавец
