city,company-name,date,description,employment-form,employment-schedule,experience,key_skills,max-experience,max-salary,min-experience,min-salary,name,requirements,responsibilities,days_from_publish
Москва,Ginza Project,2019-12-04T11:49:11+0300,<strong>Обязанности:</strong> <ul> <li>Выстраивание света и звука в зале караоке</li> <li>Поддержание оборудования в рабочем состоянии</li> <li>Ремонт оборудования</li> </ul> <strong>Требования:</strong> <ul> <li>​​​​​​​Опыт работы на данной должности</li> <li>Знание клубной техники и умение её настраивать/чинить</li> </ul> <strong>Условия:</strong> <ul> <li>​​​​​​​ЦАО</li> <li>График работы: составляется индивидуально</li> <li>Оплата труда: оклад 50.000т.р.</li> </ul> <p> </p>,Полная занятость,Полный день,От 1 года до 3 лет,|Электронная почта,3.0,,1.0,50000.0,техник по звуку и свету в караоке,Опыт работы на данной должности. Знание клубной техники и умение её настраивать/чинить.,Выстраивание света и звука в зале караоке. Поддержание оборудования в рабочем состоянии. Ремонт оборудования.,9
Москва,Staffline,2019-12-04T13:18:57+0300,"<p> </p> <p>Крупному холдингу по ремонту бытовой техники требуется мастер по ремонту стиральных и посудомоечных машин. Компания готова рассмотреть специалистов без опыта, так как организована профессиональная поддержка и обучение начинающих мастеров в собственном сервисном центре.</p> <p><strong>Условия:</strong></p> <ul> <li>Официальное Трудоустройство;</li> <li>Удобные графики 5\2, 2\2,3\3,4\4 – 8-12 часов рабочего времени;</li> <li>Отработанная логистика заказов (возможность выбирать заказы из единой системы прямо из дому и планировать свой рабочий день)</li> <li>Ежедневные выплаты (от 40% с каждого заказа)</li> <li>Доход в первый месяц 80-85 тр</li> <li>Отчетность удаленно через терминалы;</li> <li>Предлагаем широкие возможности для развития и карьерного роста;</li> <li>Внимательное отношение к начинающим мастерам (готовы рассмотреть из других сфер и профессий с возможностью стажировки у нас и переквалификации )</li> <li>Адекватное руководство, дружный коллектив профессионалов</li> </ul> <p><strong>Требования:</strong></p> <ul> <li>Средне специальное образование;</li> <li>Опыт использования инструментов;</li> <li>Желательно иметь успешный опыт ремонта техники;</li> <li>Преимуществом будет опыт или желание работать с клиентами</li> </ul> <p><strong>Обязанности:</strong></p> <ul> <li>Предварительно проходит стажировка с опытным мастером в процессе работы</li> <li>Внешняя и внутренняя диагностика основных неисправностей стиральных и посудомоечных машин;</li> <li>Демонтаж встроенной техники;</li> <li>Консультация клиента о предстоящем ремонте, работа согласно прайс-листу компании;</li> <li>Модульная замена неисправных деталей и запчастей (без пайки и сложного ремонта);</li> <li>Ведение документации о проделанном ремонте.</li> </ul>",Полная занятость,Полный день,От 1 года до 3 лет,,3.0,,1.0,85000.0,ученик мастер по ремонту бытовой техники,Средне специальное образование. Опыт использования инструментов. Желательно иметь успешный опыт ремонта техники. Преимуществом будет опыт или желание работать с клиентами.,Предварительно проходит стажировка с опытным мастером в процессе работы. Внешняя и внутренняя диагностика основных неисправностей стиральных и посудомоечных машин. ,9
Москва,ТрансТехСвязь,2019-12-13T11:58:10+0300,"<p><strong>Должностные обязанности</strong></p> <p>Техническое обслуживание и ремонт стационарных касс и билетопечатающих аппаратов расположенных на станциях электричек Москвы и области. Работа разъездная.</p> <ul> <li>Проведение комплекса ежемесячных плановых работ по техническому обслуживанию оборудования.</li> <li>Диагностика, ремонт, замена неисправных запчастей и комплектующих.</li> <li>Установка, обновление, настройка ПО.</li> <li>Заполнение сопутствующей документации, ведение отчетности.</li> </ul> <p><strong>Требования</strong></p> <ul> <li>Уверенное знание ПК (сборка, настройка ПО, подключение Интернета и т.д.).</li> <li>Желание обучаться и развиваться.</li> <li>Навыки пользования паяльником, ручным и электроинструментом.</li> <li>Коммуникабельность и пунктуальность.</li> <li>Мобильность, готовность к разъездной работе.</li> </ul> <p><strong>Условия</strong></p> <ul> <li>Официальная заработная плата от 51 725 (руб. до вычета).</li> <li>Выплата два раза в мес. равными частями, без задержек день в день.</li> <li>График 5/2 с 09:00 до 18:00.</li> <li>Корпоративная мобильная связь (SIM-карта).</li> <li>ДМС после успешного прохождения испытательного срока.</li> <li>Оплата проезда на ж/д транспорте (выдается специальная безлимитная карта).</li> <li>Предоставление полного технического обеспечения (инструмент, расходные материалы, спецодежда).</li> <li>Обучение внутри компании до выхода на работу (после оформления).</li> <li>Техническая поддержка и консультации от экспертного отдела компании.</li> </ul> <p><strong>Перспективы роста</strong></p> <ul> <li>Ведущий техник - Старший техник - Технический эксперт</li> </ul>",Полная занятость,Полный день,От 1 года до 3 лет,,3.0,,1.0,51725.0,техник специалист по обслуживанию билетопечатающих автоматов и контрольно кассовой техники,"Уверенное знание ПК (сборка, настройка ПО, подключение Интернета и т.д.). Желание обучаться и развиваться. Навыки пользования паяльником, ручным и...","Проведение комплекса ежемесячных плановых работ по техническому обслуживанию оборудования. Диагностика, ремонт, замена неисправных запчастей и комплектующих. Установка, обновление, настройка ПО. ",0
Санкт-Петербург,SAWATZKY,2019-11-27T11:25:55+0300,"<strong>Обязанности:</strong> <ul> <li>Техническая эксплуатация и обслуживание инженерных систем комплекса, электроустановок, электрооборудования;</li> <li>Выполнение аварийно-восстановительных работ и мелких монтажных работ в электроустановках;</li> </ul> <strong>Требования:</strong> <ul> <li>Опыт работы в аналогичной должности от 3-х лет;</li> <li>Техническое образование будет вашим преимуществом;</li> <li>Знание основ построения и функционирования систем электроснабжения и электрооборудования зданий и сооружений;</li> </ul> <strong>Условия:</strong> <ul> <li>График работы 1/3 с 8:00 до 8:00;</li> <li>Белая заработная плата;</li> <li>Официальное оформление по ТК.</li> </ul>",Полная занятость,Сменный график,От 3 до 6 лет,|Техническая эксплуатация,6.0,37000.0,3.0,33000.0,техник электрик,Опыт работы в аналогичной должности от 3-х лет. Техническое образование будет вашим преимуществом. Знание основ построения и функционирования систем...,"Техническая эксплуатация и обслуживание инженерных систем комплекса, электроустановок, электрооборудования. Выполнение аварийно-восстановительных работ и мелких монтажных работ в электроустановках.",16
Санкт-Петербург,Сеть сервисных центров Бюро Ремонта,2019-11-19T15:25:22+0300,"<p> </p> <p><strong><em>Мы молодая, динамично развивающаяся компания, за 3 месяца работы открыли уже 3 сервиса! Наша компания занимаемся ремонтом техники любой сложности. Подробнее о компании вы можете узнать на нашем официальном сайте</em></strong></p> <p><strong><em>Нам нужны активные, целеустремленные, инициативные сотрудники любящие своё дело!</em></strong></p> <p><strong>Обязанности:</strong></p> <ul> <li> <p>Диагностика, ремонт, наладка и модернизация техники</p> </li> <li>Модульный ремонт: замена дисплеев, акб, шлейфов, кнопок, корпусов и т.д.;</li> <li>Восстановление корпусных частей и плат после воды или падения</li> <li>Прошивка устройств, программный ремонт;</li> <li>Решение любых задач с программным обеспечением, переустановка Windows</li> <li>ведение отчетности по ремонту в клиентской базе (комментарии по приемке и ремонту, указание результатов диагностики, сроков ремонта и т.д.);</li> <li> <p>Наличие реального опыта в пайке - большой плюс, условия оплаты обсуждаются индивидуально.</p> </li> </ul> <p><strong>Требования:</strong></p> <ul> <li>Желание работать и развиваться вместе со стремительно развивающейся компанией;</li> <li>Знание внутреннего устройства ПК, ноутбука, планшета, смартфона и т.д.;</li> </ul> <p><strong>Условия:</strong></p> <ul> <li> <p>Заработная плата: оклад 16.000 руб. +% за ремонт техники и продажу аксессуаров <strong>(Наши опытные инженеры зарабатывают свыше 50 тыс. руб.)</strong></p> </li> <li> <p>Полностью оборудованное комфортное рабочее место;</p> </li> <li> <p>Гибкий график 2/2 или 5/2 (выходные на выбор);</p> </li> <li> <p>Обучение в период стажировки;</p> </li> <li>Отличный молодой коллектив и руководство;</li> <li>Возможность карьерного роста.</li> </ul> <p><strong>Для кандидатов, владеющих пайкой, обсуждаются индивидуальные условия оплаты на собеседовании.</strong></p>",Полная занятость,Гибкий график,Нет опыта,"|компонентный ремонт техники|ремонт телефонов, планшетов, ноутбуков|модульный ремонт техники|ремонт цифровой техники|ремонт электронники",,80000.0,,30000.0,мастер по ремонту цифровой техники,"Желание работать и развиваться вместе со стремительно развивающейся компанией. Знание внутреннего устройства ПК, ноутбука, планшета, смартфона и т.д..","Диагностика, ремонт, наладка и модернизация техники. Модульный ремонт: замена дисплеев, акб, шлейфов, кнопок, корпусов и т.д.. Восстановление корпусных частей...",24
Санкт-Петербург,Фаворит,2019-12-13T10:17:15+0300,"<p>Требуются ученики или мастера по ремонту офисной техники.</p> <p>В связи с тем, что поступает большой поток заявок, срочно требуются мастера по ремонту, можно без опыта!!! В техническом отделе проведут полное обучение!!</p> <strong>Обязанности:</strong> <ul> <li> <p>Выездная работа</p> </li> <li> <p>Проведение диагностики и ремонта</p> </li> <li> <p>Ежедневная отчетность (возможно удаленно)</p> </li> </ul> <strong>Условия:</strong> <ul> <li> <p>Гибкая система мотивации: 30% мастеру</p> </li> <li> <p>Отчеты по заказам через приложение</p> </li> <li> <p>Перечисление денег на карту - в офис ехать не нужно</p> </li> <li> <p>от 3 заказов в день МИНИМУМ! Удобная география работы!</p> </li> <li> <p>ЕЖЕДНЕВНЫЕ выплаты</p> </li> <li> <p>Гибкий, удобный сменный график</p> </li> <li> <p>Заказы по месту проживания</p> </li> <li> <p>На период стажировки предоставляем необходимое оборудование</p> </li> <li> <p>Зарплата от 3000 рублей в день</p> </li> <li> <p>Техническая поддержка и помощь на всех этапах работы</p> </li> <li> <p>Опыт работы с клиентами приветствуется</p> </li> <li> <p>Желание зарабатывать и развиваться в техническом направлении как мастер!</p> </li> </ul>",Полная занятость,Полный день,Нет опыта,|Навыки коммуникации|Пунктуальность|Обучаемость,,90000.0,,50000.0,мастер стажер по ремонту оргтехники,Опыт работы с клиентами приветствуется. Желание зарабатывать и развиваться в техническом направлении как мастер!,Выездная работа. Проведение диагностики и ремонта. Ежедневная отчетность (возможно удаленно). Отчеты по заказам через приложение. Перечисление денег на карту - в...,0
Санкт-Петербург,"Хеликс, лабораторная служба",2019-12-09T13:07:36+0300,"<strong>Обязанности:</strong> <ul> <li>Обработка заявок на закупку оборудования через HelpDesk систему (компьютерная техника, серверное и сетевое оборудование);</li> <li>Взаимодействие с поставщиками (оформление заказов, согласование условий по цене, дате и способу поставки, контроль сроков доставки оборудования);</li> <li>Обеспечение постоянного наличия необходимого оборудования на складе;</li> <li>Составление бюджета на месяц/год, заведение и контроль оплаты счетов, заведение первичной документации в 1С;</li> <li>Предоставление и обслуживание сотрудников корпоративной мобильной связью;</li> <li>Отправка оборудования на гарантийный и не гарантийный ремонт;</li> <li>Инвентаризация оборудования;</li> <li>Взаимодействие с другими подразделениями компании.</li> </ul> <strong>Требования:</strong> <ul> <li>Опыт работы в закупках/снабжении организации компьютерной техникой от 1 года;</li> <li>Знание компьютерных комплектующих и сетевого оборудования;</li> <li>Коммуникабельность, обучаемость;</li> <li>Грамотная письменная и устная речь;</li> <li>Опыт работы в программе 1С.</li> </ul> <strong>Условия:</strong> <ul> <li>Работа в стабильной компании с крупной развитой IT-инфраструктурой;</li> <li>Офис в историческом центре города у м. Петроградская (5 минут пешком);</li> <li>График работы - 5/2 (9:30-18:00);</li> <li>Официальное оформление и социальные гарантии (отпуск, больничный);</li> <li>Своевременная заработная плата 2 раза в месяц (уровень обсуждается индивидуально с успешными кандидатами);</li> <li>Комфортная рабочая зона (комната для приема пищи, чай/кофе), корпоративные билеты в Зоопарк;</li> <li>Скидки на услуги компании для сотрудников и их семей, подарки на праздники</li> </ul>",Полная занятость,Полный день,От 1 года до 3 лет,,3.0,,1.0,,менеджер по снабжению менеджер по закупкам техники ит,"Опыт работы в закупках/снабжении организации компьютерной техникой от 1 года. Знание компьютерных комплектующих и сетевого оборудования. Коммуникабельность, обучаемость. ","Обработка заявок на закупку оборудования через HelpDesk систему (компьютерная техника, серверное и сетевое оборудование). Взаимодействие с поставщиками (оформление заказов, согласование...",4
Санкт-Петербург,ЭР-Телеком,2019-12-03T19:43:24+0300,"<strong>Обязанности:</strong> <ul> <li>Работа с физическими лицами на территории Клиентов;</li> <li>Осуществление монтажных работ по подключению Клиентов (прокладка кабеля от установленного оборудования до квартиры; обжимка кабеля; закрепление кабеля наружным способом);</li> <li>Подключение услуг и первичная настройка;</li> <li>Информирование Клиента о действующих тарифах, акциях, скидках;</li> <li>Заполнение актов выполненных работ, договоров и бланков;</li> <li>Отчетность.</li> </ul> <strong>Требования:</strong> <ul> <li>Уверенный пользователь ПК;</li> <li>Умение работать с электроинструментом (перфоратором, дрелью);</li> <li>Готовность к большому объёму работы;</li> <li>Аккуратность, вежливость, пунктуальность;</li> <li>Опыт работы на аналогичной должности (желательно).</li> </ul> <strong>Условия:</strong> <ul> <li>Сдельно-премиальная оплата труда, доход от 45 000 руб/мес ;</li> <li>График работы: 5/2</li> <li>Оформление по ТК РФ, белая заработная плата;</li> <li>Выплата больничных и отпускных;</li> <li>Индивидуальное построение смен (ненормированный рабочий день);</li> <li>Работа разъездного характера;</li> <li>Форма, инструменты и расходные материалы предоставляются;</li> <li>Возможность обучения и карьерного роста.</li> </ul>",Полная занятость,Полный день,От 1 года до 3 лет,,3.0,65000.0,1.0,45000.0,монтажник слаботочных систем техник по подключению,"Уверенный пользователь ПК. Умение работать с электроинструментом (перфоратором, дрелью). Готовность к большому объёму работы. Аккуратность, вежливость, пунктуальность. Опыт работы на...",Работа с физическими лицами на территории Клиентов. Осуществление монтажных работ по подключению Клиентов (прокладка кабеля от установленного оборудования до квартиры...,10
Санкт-Петербург,ОПТИМУС ПРАЙМ,2019-12-11T08:56:17+0300,"<p><strong>В Ваши обязанности будет входить:</strong></p> <ul> <li>Диагностика техники Apple</li> <li>Консультирование клиентов о причинах неисправностей и способ их избегания.</li> <li>Установка и настройка программного обеспечения</li> <li>Оформление документов после заказа</li> </ul> <p> </p> <p><strong>Требования:</strong></p> <ul> <li>Навыки и опыт в ремонте смартфонов и планшетов Apple желателен, но не обязателен;</li> <li>Умение общаться с потенциальными клиентами, отличные переговорные навыки, грамотная устная и письменная речь, умение четко излагать свои мысли, опыт работы в продажах</li> <li>Разъездная работа</li> </ul> <p><br /><strong>Условия:</strong></p> <ul> <li>Совокупная заработная плата от 70 000 рублей в месяц (лучшие мастера получают значительно больше)</li> <li>Стабильный поток заявок</li> <li>Оплата проезда и мобильной связи;</li> <li>Наставничество опытных мастеров в процессе работы</li> <li>График работы согласовывается (есть возможность работать по совместительству и по студенческому графику)</li> <li>Возможность карьерного роста внутри компании (мы только начинаем расти)</li> <li><strong>Бесплатное обучение внутри компании с последующим гарантированным трудоустройством</strong></li> <li>Проверенная система наставничества и адаптации во время работы</li> <li><strong>Ежедневные выплаты</strong></li> <li>Наша компания даёт шанс освоить новую для себя профессию, которая всегда будет востребована на рынке труда.</li> </ul>",Полная занятость,Полный день,Нет опыта,|Клиентоориентированность|Прямые продажи|Работа с возражениями|выездной ремонт|сервисный инженер|ремонт техники Apple|Пользователь ПК|Ведение переговоров|Навыки продаж,,150000.0,,70000.0,ученик мастера по ремонту техники apple,"Навыки и опыт в ремонте смартфонов и планшетов Apple желателен, но не обязателен. Умение общаться с потенциальными клиентами, отличные переговорные...",Диагностика техники Apple. Консультирование клиентов о причинах неисправностей и способ их избегания. Установка и настройка программного обеспечения. Оформление документов после...,2
Санкт-Петербург,РАМЭК - ВС,2019-12-09T09:07:21+0300,"<p>Компании РАМЭК, ведущему производителю компьютерного оборудования и разработчику информационных технологий, требуется <strong><em>Менеджер по продажам </em></strong></p> <p><strong>Обязанности:</strong></p> <ul> <li>Продажа вычислительной техники и компьютерного оборудования;</li> <li>Активное развитие закрепленной территории (регионы РФ);</li> <li>Выполнение установленных планов продаж;</li> <li>Планирование и отчётность по своему направлению деятельности.</li> </ul> <p><strong>Требования:</strong></p> <ul> <li>Высшее образование (экономическое, техническое);</li> <li>Опыт активных продаж, в том числе региональных;</li> <li>Хорошее знание рынка IT и компьютерного оборудования;</li> <li>Отлично развитый коммуникативный навык, нацеленность на результат.</li> </ul> <p><strong>Условия:</strong></p> <p>Работа в стабильной компании, являющейся одним из крупнейших российских системных интеграторов и производителей IT оборудования.</p> <ul> <li>Оформление и социальные гарантии - согласно ТК РФ;</li> <li>Полностью официальная заработная плата (оклад+премия);</li> <li>Бесплатное питание в офисной столовой, предоставление полиса ДМС;</li> <li>Пятидневная рабочая неделя, полный рабочий день;</li> <li>Возможность обучения и профессионального развития;</li> <li>Благоприятный психологический климат в коллективе;</li> <li>Благоустроенный офис в промзоне Парнас, осуществляется развозка от/до ст. м. Пр. Просвещения, Академическая.</li> </ul>",Полная занятость,Полный день,От 1 года до 3 лет,|Поиск и привлечение клиентов|Ведение переговоров|Активные продажи|Управление продажами|Заключение договоров|Планирование продаж|Работа с дебиторской задолженностью,3.0,,1.0,,менеджер по продажам компьютерной техники,"Высшее образование (экономическое, техническое). Опыт активных продаж, в том числе региональных. Хорошее знание рынка IT и компьютерного оборудования. ",Продажа вычислительной техники и компьютерного оборудования. Активное развитие закрепленной территории (регионы РФ). Выполнение установленных планов продаж. Планирование и отчётность по...,4
Санкт-Петербург,Аэропорт Пулково (ООО Воздушные Ворота Северной Столицы),2019-12-13T11:43:44+0300,"<strong>Обязанности:</strong> <ul> <li>проведение процедур закупок в соответствии с 223-ФЗ по направлению IT: поставка оборудования, программного обеспечения и расходных материалов для IT-оборудования, ремонт и техническое обслуживание IT-оборудования;</li> <li>оформление закупочной документации и протоколов по результатам закупок;</li> <li>ведение переговоров с поставщиками;</li> <li>заключение договоров по результатам закупок;</li> <li>обеспечение оптимальных условий сотрудничества с поставщиками.</li> </ul> <strong>Требования:</strong> <ul> <li>высшее образование;</li> <li>опыт работы от 3-х лет в сфере закупок (обязательно по направлению IT: программное обеспечение и оборудование);</li> <li>владение английским языком на уровне intermediate (как преимущество);</li> <li>уверенный пользователь ПК;</li> <li>знание 223-ФЗ и 135-ФЗ (как преимущество);</li> <li>знание IT-рынка, принципов закупочной деятельности, договорной работы;</li> <li>внимательность, ответственность, грамотная письменная и устная речь.</li> </ul> <strong>Условия:</strong> <ul> <li>пятидневная рабочая неделя с 08:30 до 17:30;</li> <li>оформление по ТК РФ;</li> <li>ДМС, включая стоматологию (после испытательного срока);</li> <li>корпоративная развозка от/до ст.м. Московская/Авиагородка.</li> </ul>",Полная занятость,Полный день,От 3 до 6 лет,|Английский язык|Закупки|223-ФЗ|135-ФЗ|закупка it-оборудования,6.0,,3.0,,ведущий специалист отдела закупок техники и оборудования,Высшее образование. Опыт работы от 3-х лет в сфере закупок (обязательно по направлению IT: программное обеспечение и оборудование). ,"Проведение процедур закупок в соответствии с 223-ФЗ по направлению IT: поставка оборудования, программного обеспечения и расходных материалов для IT...",0
Санкт-Петербург,ЭР-Телеком,2019-11-21T20:43:14+0300,"<p><strong>Обязанности:</strong></p> <ul> <li>Работа с физическими лицами на территории Клиентов;</li> <li>Осуществление монтажных работ по подключению Клиентов (прокладка кабеля от установленного оборудования до квартиры; обжимка кабеля; закрепление кабеля наружным способом);</li> <li>Подключение услуг и первичная настройка сетевого оборудования;</li> <li>Информирование Клиента о действующих тарифах, акциях, скидках;</li> <li>Заполнение актов выполненных работ, договоров и бланков;</li> <li>Отчетность.</li> </ul> <p><strong>Мы ждем:</strong></p> <ul> <li>Уверенных пользователей ПК;</li> <li>Умеющих работать с электроинструментом (перфоратором, дрелью);</li> <li>Готовых к большому объёму работы;</li> <li>Аккуратных, вежливых, пунктуальных;</li> <li>Готовых к разъездному характеру работы;</li> <li>Желательно с опытом работы со слаботочными системами.</li> </ul> <p><strong>Условия:</strong></p> <ul> <li>Сдельно-премиальная оплата труда, доход от 55 000 руб/мес ;</li> <li>График работы: 5/2;</li> <li>Оформление по ТК РФ, белая заработная плата;</li> <li>Выплата больничных и отпускных;</li> <li>Работа разъездного характера;</li> <li>Предоставляем форму и инструменты;</li> <li>Возможность обучения и карьерного роста.</li> </ul>",Полная занятость,Полный день,От 1 года до 3 лет,,3.0,80000.0,1.0,55000.0,монтажник слаботочных систем техник по подключению,"Уверенных пользователей ПК. Умеющих работать с электроинструментом (перфоратором, дрелью). Готовых к большому объёму работы. Аккуратных, вежливых, пунктуальных. Готовых к разъездному...",Работа с физическими лицами на территории Клиентов. Осуществление монтажных работ по подключению Клиентов (прокладка кабеля от установленного оборудования до квартиры...,22
Санкт-Петербург,ЭР-Телеком,2019-12-12T14:04:03+0300,"<p><strong><em>Что нужно делать:</em></strong></p> <ul> <li>Взаимодействовать с физическими лицами (на территории клиентов);</li> <li>Осуществлять монтажные работы по подключению клиентов (прокладка кабеля от установленного оборудования до квартиры, обжимка кабеля,крепление кабеля наружным способом);</li> <li>Подключать услуги и производить первичную настройку;</li> <li>Информировать клиента о действующих тарифах, акциях, скидках;</li> <li>Заполнять акты выполненных работ, договоров и бланков;</li> <li>Вести отчетность.</li> </ul> <p><strong><em>Что нужно от Вас:</em></strong></p> <ul> <li>Опыт работы в данной сфере будет вашим преимуществом;</li> <li>Готовность к разъездному характеру работы;</li> <li>Коммуникабельность;</li> <li>Уверенный пользователь ПК.</li> </ul> <p><em><strong>Условия:</strong></em></p> <ul> <li>Сдельно-премиальная оплата труда, доход от 45 000 руб/мес ;</li> <li>График работы: 5/2</li> <li>Оформление по ТК РФ, белая заработная плата;</li> <li>Выплата больничных и отпускных;</li> <li>Индивидуальное построение смен (ненормированный рабочий день);</li> <li>Работа разъездного характера;</li> <li>Форма, инструменты и расходные материалы предоставляются;</li> <li>Обучение за счет компании;</li> <li>Карьерный рост.</li> </ul>",Полная занятость,Полный день,Нет опыта,|Работа с людьми,,,,45000.0,техник по подключению монтажник,Опыт работы в данной сфере будет вашим преимуществом. Готовность к разъездному характеру работы. Коммуникабельность. Уверенный пользователь ПК.,Взаимодействовать с физическими лицами (на территории клиентов). Осуществлять монтажные работы по подключению клиентов (прокладка кабеля от установленного оборудования до квартиры...,1
Екатеринбург,ЭР-Телеком,2019-12-13T07:13:01+0300,"<strong>Обязанности:</strong> <ul> <li>осуществление монтажных работ по подключению клиента (интернет, ЦТВ и КТВ, городская связь)</li> <li>работы с электроинструментом и специализированным инструментом для подключения</li> <li>ведение отчётности.</li> </ul> <strong>Требования:</strong> <ul> <li>желателен навык подключения услуг доступа в интернет и телевидения;</li> <li>приветствуется опыт работы с СКС, СКУД, ОПС;</li> <li>возможно без опыта работы - мы всему научим!</li> </ul> <strong>Условия:</strong> <ul> <li>официальное трудоустройство в соответствии с ТК РФ</li> <li>&quot;белая&quot; своевременная оплата труда (сдельно-премиальная)</li> <li>перспективы профессионального роста</li> <li>бесплатное корпоративное обучение</li> <li>разъездной характер работы</li> <li>Ждем Вас в нашу команду профессионалов!</li> </ul>",Полная занятость,Сменный график,Нет опыта,,,60000.0,,45000.0,техник по подключению абонентов,"Желателен навык подключения услуг доступа в интернет и телевидения. Приветствуется опыт работы с СКС, СКУД, ОПС. Возможно без опыта работы...","Осуществление монтажных работ по подключению клиента (интернет, ЦТВ и КТВ, городская связь). Работы с электроинструментом и специализированным инструментом для подключения. ",0
Екатеринбург,Крона-КС,2019-12-12T07:05:52+0300,"<p> Группа Компаний Крона КС приглашает в свою команду менеджера по продажам компьютерной техники</p> <p><strong><em>Чем предстоит заниматься</em></strong></p> <p>- Активно налаживать долгосрочные связи с представителями бизнесов различных масштабов;</p> <p>- Расширять существующую клиентскую базу компании путём привлечения новых потенциальных партнёров и заказчиков (телефонные звонки, встречи, переписка, skype);</p> <p>- Продавать продукты и услуги компании корпоративным клиентам;</p> <p>- Создавать презентации, готовить коммерческие предложения для потенциальных клиентов, с учётом их потребностей и пожеланий.</p> <p> </p> <p><strong><em>Что для этого необходимо</em></strong></p> <p>- Высшее образование;</p> <p>- Знания в области информационных технологий (мы продаём технически сложный продукт, котором необходимо хорошо разбираться);</p> <p>- Опыт работы с крупными предприятиями сегмента b2b, а также опыт ведения сложных сделок на IT -рынке будет преимуществом;</p> <p>- Готовность тратить 70% и более процентов рабочего времени на телефонные звонки, переписку и ведение переговоров с потенциальными клиентами.</p> <p> </p> <p><strong><em>Каким мы видим нашего сотрудника</em></strong></p> <p>- Умеет обрабатывать большой поток информации;</p> <p>- Открыт в общении и легко устанавливает контакты с новыми людьми;</p> <p>- Не боится переговоров на уровне первых лиц предприятия;</p> <p>- Использует рабочее время с максимальной эффективностью;</p> <p>- Не нуждается в постоянном контроле со стороны руководителя;</p> <p>- Не пасует перед трудностями;</p> <p>- Не обязательно имеет большой опыт продаж, но готов учиться и развиваться в этой области.</p> <p> </p> <p><strong><em>Что мы предлагаем</em></strong></p> <p>- Действительно высокий уровень дохода – предусмотрен твердый оклад и процент от продаж. Чем больше услуг и продуктов компании вы продадите, тем выше будет сумма оплаты. Мы не ограничиваем вас – выполняя и превышая план, вы обеспечиваете себе стабильный высокий доход;</p> <p>- Трудоустройство в полном соответствии с ТК РФ;</p> <p>- Возможность обучения и регулярного повышения квалификации;</p> <p>- Гибкий график работы, с возможностью сдвига начала рабочего дня;</p> <p>- Налаженная система наставничества для новичков, не имеющих опыта работы в продажах;</p> <p>- Комфортный офис, дружелюбный коллектив, частичная компенсация питания.</p> <p> </p>",Полная занятость,Полный день,Нет опыта,|Знание IT технологий|Ведение переговоров|Активные продажи|B2B Продажи|Проведение презентаций,,,,,менеджер по продажам компьютерной техники,"Высшее образование. - Знания в области информационных технологий (мы продаём технически сложный продукт, котором необходимо хорошо разбираться). - Опыт работы с крупными...","Расширять существующую клиентскую базу компании путём привлечения новых потенциальных партнёров и заказчиков (телефонные звонки, встречи, переписка, skype). - Продавать продукты и...",1
Екатеринбург,ЭР-Телеком,2019-12-13T07:13:01+0300,<p> </p> <p><strong>Обязанности:</strong></p> <ul> <li>эксплуатация сети кабельного телевидения и интернета;</li> <li>обнаружение и устранение неполадок;</li> <li>обслуживание абонентов;</li> <li>замена оборудования.</li> </ul> <strong>Требования:</strong> <ul> <li>среднее профессиональное или высшее образование;</li> <li>опыт работы в сфере связи;</li> <li>опыт работы с устранением неполадок и сбоев.</li> </ul> <strong>Условия:</strong> <ul> <li>официальное трудоустройство в соответствии с ТК РФ;</li> <li>перспективы профессионального роста;</li> <li>работа в команде профессионалов;</li> <li>график работы 2/2 с 9.00-21.00;</li> <li>100% &quot;белая&quot; заработная плата (оклад+премия по результатам работы);</li> <li>район работы можно выбрать ближе к дому!</li> </ul>,Полная занятость,Сменный график,От 1 года до 3 лет,,3.0,60000.0,1.0,47000.0,техник связи,Среднее профессиональное или высшее образование. Опыт работы в сфере связи. Опыт работы с устранением неполадок и сбоев.,Эксплуатация сети кабельного телевидения и интернета. Обнаружение и устранение неполадок. Обслуживание абонентов. Замена оборудования.,0
Екатеринбург,Сервис-Газификация,2019-12-03T07:57:40+0300,"<strong>Обязанности:</strong> <ul> <li> <p>Организация системы документооборота (получение и распределение) между участниками строительства в области проверки документации по строительству;</p> </li> <li> <p>Проверка ведения общего и специальных журналов работ;</p> </li> <li> <p>Формирование реестра замечаний и поддержание в актуальном состоянии;</p> </li> <li> <p>Ведение архива документации;</p> </li> </ul> <strong>Требования:</strong> <ul> <li>Опытный, уверенный пользователь ПК.</li> <li>Продвинутый Excel (сводные таблицы, макросы).</li> <li>Умение видеть читать(разбирать) чертежи.</li> <li>Внимательность, ответственность, умение работать с большим количеством информации.</li> </ul> <p>Как преимущество – работа в строительных организациях либо в организациях косвенно связанных со строительством. Студенты профильных строительных, технических учебных заведений.</p> <strong>Условия:</strong> <ul> <li>Официальное трудоустройство;</li> <li>Уровень заработной платы по итогам собеседования;</li> </ul>",Полная занятость,Полный день,Нет опыта,|MS PowerPoint|Документооборот|Работа с большим объемом информации|Документальное сопровождение|Ведение архива,,,,,техник аис нск,"Опытный, уверенный пользователь ПК. Продвинутый Excel (сводные таблицы, макросы). Умение видеть читать(разбирать) чертежи. Внимательность, ответственность, умение работать с большим...",Организация системы документооборота (получение и распределение) между участниками строительства в области проверки документации по строительству. Проверка ведения общего и специальных...,10
Екатеринбург,АйТиЭм Холдинг,2019-12-06T15:03:00+0300,"<p><strong>Твои задачи:</strong></p> <p>• Фиксация в информационной системе изменений состояний хостов и ИТ сервисов средствами системы мониторинга;<br />• Проведение первичной диагностики;<br />• Делегирование проведения первичной диагностики смежному подразделению;<br />• Постановка задачи на проведения аварийно-восстановительных работ смежному отделу.</p> <p><strong>Для нас важно:</strong></p> <p>• Свободное ориентирование в модели OSI: стек протоколов TCP/IP;<br />• Технологии Ethernet IEEE 802.3: виды физических сред, формат кадра, адресация участников в сети Ethernet, vlan (802.1q);<br />• Протоколы прикладного уровня: POP3, SMTP, SNMP, HTTP, DNS и аналогичные;<br />• Опыт работы с управляемым коммутационным оборудованием Ethernet (Cisco Catalyst, 3com, SNR): vlan (802.1q), таблица коммутации, состояние портов;<br />• Быстрое выполнение типовых задач.</p> <p><strong>Мы предлагаем:</strong></p> <p>• Четкую и прозрачную систему мотивации: оклад + KPI;<br />• Участие в профессиональных конференциях и обучение в Корпоративном учебном центре;<br />• Возможности для карьерного роста: ты будешь понимать, что нужно сделать для перехода на другой уровень;<br />• Увлекательную корпоративную жизнь: конкурсы, спортивные мероприятия и многое другое;<br />• Возможность предлагать рационализаторские идеи. Результатами твоей работы ежедневно будут пользоваться все сотрудники холдинга;<br />• Удобный график работы: возможность делать график работы гибким, индивидуальным, работать удаленно;<br />• Комфортные современные офисы;<br />• Автоматизированные рабочие места, современные информационные системы;<br />• Гарантированный социальный пакет (согласно ТК РФ);<br />• Дополнительный соц.пакет:</p> <p>- Компенсация сотовой связи;<br />- Компенсация транспортных расходов;<br />- 100% оплата доступа в Интернет для сотрудников, абонентов &quot;Планеты&quot;;<br />- Поддержка в сложных жизненных ситуациях;<br />• Дружный, молодой, талантливый коллектив. Уникальная атмосфера доверия, взаимопонимания, открытости и сотрудничества. Честное исполнение обязательств руководства перед сотрудниками и сотрудников перед компанией;<br />• Возможности для реализации своего творческого потенциала в разных профессиональных сферах.</p>",Полная занятость,Полный день,От 1 года до 3 лет,|TCP/IP|техническая грамотность|внимание к деталям|взаимодействие с коллегами,3.0,,1.0,40000.0,техник,"Свободное ориентирование в модели OSI: стек протоколов TCP/IP. Технологии Ethernet IEEE 802.3: виды физических сред, формат кадра, адресация...",Фиксация в информационной системе изменений состояний хостов и ИТ сервисов средствами системы мониторинга. Проведение первичной диагностики. Делегирование проведения первичной диагностики...,7
Екатеринбург,"Форум-групп, Холдинг",2019-11-18T09:08:30+0300,"<strong>Обязанности:</strong> <ul> <li>Эксплуатация систем СКУД (Parsec, BAS-IP, Apollo) и ВН (Трассир, регистраторы) на жилых и коммерческих объектах;</li> <li> <p>Навыки обслуживания сетей передачи данных (СКС);</p> </li> <li> <p>Устранение аварийных ситуаций;</p> </li> <li> <p>Понимание и чтение принципиальных схем, знать принцип работы автоматики;</p> </li> <li> <p>Навыки пайки.</p> </li> </ul> <strong>Требования:</strong> <ul> <li> <p>Знание принципа работы современных систем СКС, СОТ, СКУД, ТВ;</p> </li> <li> <p>Знания домофонных систем как координатных так и IP (Визит, BAS-IP);</p> </li> <li>Автоматика;</li> <li>Умение работать руками в разных сверах эксплуатации;</li> <li>Опыт работы: от 1 года;</li> <li>Образование: среднее-специальное, высшее.</li> </ul> <strong>Условия:</strong> <ul> <li>Официальное трудоустройство;</li> <li>График работы: 5/2 (с 9 до 18ч);</li> <li>Заработная плата: 35 000</li> <li>Место работы: элитный жилой комплекс в центре города, Сакко и Ванцетти;</li> <li>Спецодежда, инструменты и оборудование предоставляются работодателем.</li> </ul>",Полная занятость,Полный день,От 1 года до 3 лет,,3.0,35000.0,1.0,,техник систем сот скс и скуд,"Эксплуатация систем СКУД (Parsec, BAS-IP, Apollo) и ВН (Трассир, регистраторы) на жилых и коммерческих объектах. Навыки обслуживания сетей передачи...",Устранение аварийных ситуаций.,25
Екатеринбург,ИНСИС,2019-12-13T13:32:45+0300,"<p>Компания &quot;ИНСИС&quot; сегодня - это одна из ведущих компаний по предоставлению полного спектра услуг в области связи: интернет, видеонаблюдение, виртуальная телефония, цифровое телевидение и т.д.</p> <p>Основная задача - устранять технические неисправности у клиентов. Наши клиенты: домашние пользователи и юридические лица.</p> <p>Район работы - Сортировка.</p> <p>Требования:</p> <ul> <li>образование от среднего специального (желательно техническое);</li> <li>опыт работы в данной сфере необязателен, мы готовы обучить;</li> </ul> <p>Обязанности:</p> <ul> <li>настройка, установка, устранение неполадок активного сетевого оборудования;</li> <li>мониторинг загрузки ресурсов сети передачи данных и качества предоставления услуг;</li> <li>настройка абонентских устройств.</li> </ul> <p>Условия:</p> <ul> <li>официальное трудоустройство;</li> <li>обучение и закрепление наставника;</li> <li>заработная плата : оклад 15000 + 2000 амортизация авто + премия, которая зависит от разряда техника связи, доход от 32 000 до 40 000 руб, есть возможность брать дополнительные смены и увеличивать свой доход ;</li> <li>график работы 5/2 (пн.-пт.) 9.00-18.00, редко возможны переработки и они оплачиваются;</li> <li>испытательный срок от 1 месяца;</li> <li>офис расположен на Визе;</li> <li>компенсация сотовой связи и ГСМ, амортизация автомобиля (+2000 к заработной плате),.</li> </ul>",Полная занятость,Сменный график,Нет опыта,,,42000.0,,32000.0,техник связи,"Образование от среднего специального (желательно техническое). Опыт работы в данной сфере необязателен, мы готовы обучить.","Настройка, установка, устранение неполадок активного сетевого оборудования. Мониторинг загрузки ресурсов сети передачи данных и качества предоставления услуг. Настройка абонентских устройств.",0
Екатеринбург,Звезда-СБ,2019-11-14T16:02:42+0300,"<p><strong>Обязанности:</strong></p> <ul> <li>небольшие монтажные работы</li> <li>выполнение ремонтных работ противопожарных систем (проверка и ремонт линий связи и оборудования)</li> <li>испытание систем пожарной автоматики</li> <li>обслуживание систем пожарной автоматики, охранных систем и прочих систем автоматики зданий</li> </ul> <p><strong>Требования:</strong></p> <ul> <li>наличие среднего технического образования</li> <li>хорошая обучаемость</li> <li>умение быстро находить нужную информацию</li> <li>ответственность</li> </ul> <p><strong>Условия:</strong></p> <ul> <li>работа в крупной компании - лидера рынка</li> <li>современный процесс обучения с видеороликами, он-лайн тестами, тренировкой на стендах и работа с опытными наставниками</li> <li>современный, оснащенный программными продуктами производственный процесс</li> <li>реальный карьерный рост</li> <li>график: с пн-пт., 8 часовой день</li> </ul>",Полная занятость,Полный день,От 1 года до 3 лет,,3.0,50000.0,1.0,,техник по обслуживанию опс,Наличие среднего технического образования. Хорошая обучаемость. Умение быстро находить нужную информацию. Ответственность.,Небольшие монтажные работы. Выполнение ремонтных работ противопожарных систем (проверка и ремонт линий связи и оборудования). Испытание систем пожарной автоматики. ,29
Екатеринбург,НОВИТОН,2019-12-09T07:17:58+0300,"<strong>Обязанности:</strong> <ul> <li>Прокладка кабеля, настройка и установка оборудования;</li> <li>Монтаж и построение ЛВС, устранение неполадок, ремонт, настройка и подключение офисной техники, консультация и обучение пользователей по возникшим вопросам.</li> </ul> <strong>Требования:</strong> <ul> <li>Образование не ниже среднего;</li> <li>Стрессоустойчивость, умение общаться с людьми;</li> <li>Опытный пользователь ПК, знание основ и принципов построения сети интернет, сетей передачи данных;</li> <li>Знание основ конфигурирования операционных систем Windows в рамках настройки доступа к сети;</li> </ul> <strong>Условия:</strong> <ul> <li>Работа по заявкам абонентов нашей сети (районы обслуживания: Компрессорный, Птицефабрика, Трактовая, Лечебный, Малый Исток, Кольцово, г. Арамиль (Центральный район)).;</li> <li>Работа разъездного характера;</li> <li>Оформление согласно ТК РФ;</li> <li>Заработная плата от 35000 р график работы 2/2 c 09.00 до 20.00 молодой, дружный коллектив.</li> </ul>",Полная занятость,Сменный график,Нет опыта,|Прокладка кабелей|Ремонт ПК|Настройка сетевых подключений|Настройка ПО|Настройка ПК,,,,35000.0,техник монтажник,"Образование не ниже среднего. Стрессоустойчивость, умение общаться с людьми. Опытный пользователь ПК, знание основ и принципов построения сети интернет, сетей...","Прокладка кабеля, настройка и установка оборудования. Монтаж и построение ЛВС, устранение неполадок, ремонт, настройка и подключение офисной техники, консультация и...",4
Екатеринбург,Аэропорт Кольцово,2019-12-11T06:26:20+0300,"<p>Сегодня <strong>&quot;Аэропорты Регионов&quot;</strong> - ведущий аэропортовый холдинг России. Наша штаб - квартира расположена в Екатеринбурге, а также имеется представительство в Москве. Стратегический инвестор холдинга - Группа компаний &quot;Ренова&quot;</p> <p>В настоящий момент в холдинг входят семь крупных международных аэропорта:</p> <ul> <li>Международный аэропорт &quot;Кольцово&quot;, г. Екатеринбург,</li> <li>Международный аэропорт &quot;Курумоч&quot;, г. Самара,</li> <li>Международный аэропорт &quot;Стригино&quot;, г. Нижний Новгород.</li> <li>Международный аэропорт &quot;Платов&quot;, г. Ростов-на-Дону</li> <li>Международный аэропорт &quot;Гагарин&quot;, г. Саратов</li> </ul> <p>Также мы реализуем проекты модернизации аэропортов Петропавловска-Камчатского и Нового Уренгоя.</p> <p><strong>Обязанности:</strong></p> <ul> <li>техническое обслуживание систем автоматики и КИП (УКУТ, АСПЗ, АПТ, СУДИО, автоматические двери);</li> <li>монтаж, наладка систем автоматики и КИП;</li> <li>прием заявок на неисправность систем;</li> </ul> <strong>Требования:</strong> <ul> <li>среднее профессиональное (техническое) образование;</li> <li>опыт работы в данной сфере (ремонт, обслуживание, настройка оборудования);</li> <li>знание систем: Карат конфигуратор, PProg (UProg);</li> <li>знание английского языка (технический);</li> </ul> <strong>Условия:</strong> <ul> <li>официальное трудоустройство, полный соц. пакет, ДМС;</li> <li>график работы: пятидневка;</li> <li>работа на территории аэропорта Кольцово;</li> <li>&quot;белая&quot; заработная плата;</li> <li>возможность профессионального, карьерного развития;</li> <li>дружный, молодой коллектив.</li> </ul>",Полная занятость,Полный день,От 1 года до 3 лет,|Монтаж оборудования|Техническое обслуживание|Монтаж инженерных систем,3.0,,1.0,,техник,"Среднее профессиональное (техническое) образование. Опыт работы в данной сфере (ремонт, обслуживание, настройка оборудования). Знание систем: Карат конфигуратор, PProg (UProg). ","Техническое обслуживание систем автоматики и КИП (УКУТ, АСПЗ, АПТ, СУДИО, автоматические двери). Монтаж, наладка систем автоматики и КИП. ",2
Новосибирск,"Новосибирский государственный университет экономики и управления, ГОУ",2019-12-13T05:18:47+0300,"<strong>Обязанности:</strong> <ul> <li>Обработка заявок (первая линия технической поддержки)</li> <li>Установка и настройка системного программного обеспечения компьютерных классов</li> <li>Установка и настройка прикладного программного обеспечения компьютерных классов</li> <li>Создание и использование технической документации</li> <li>Диспетчеризация заявок, мониторинг их выполнения</li> <li>Подготовка компьютерных классов к учебному процессу в свою смену – открытие класса, включение техники в начале смены и закрытие и выключение по её окончании</li> <li>Основная работа в ПО ИнфраМенеджер и составление отчетов MS Word, Excel</li> </ul> <strong>Требования:</strong> <ul> <li> <p>Средне-специальное, высшее образование</p> </li> <li> <p>Без требований к стажу работы</p> </li> <li>Знание аппаратной части рабочих станций и периферийного оборудования</li> <li>Опыт администрирования клиентских операционных систем Microsoft Windows (7 / 10), ОС на базе ядра Linux (Ubuntu, Debian, Астра-Линукс) будет плюсом</li> <li>Опыт работы с офисным ПО</li> <li>Опыт настройки офисной техники (принтеров, МФУ, сканеров)</li> <li>Понимание принципов работы Microsoft Active Directory</li> <li>Понимание принципов информационной безопасности</li> <li>Знание английского языка на уровне чтения технической документации</li> <li>Деловые и личностные качества: стрессоустойчивость, усидчивость, ответственность, пунктуальность</li> </ul> <strong>Условия:</strong> <ul> <li>Официальное трудоустройство согласно ТК РФ</li> <li>Своевременная оплата труда 2 раза в месяц</li> <li>Офис в центре города (10 мин. пешком от станции метро «Площадь Ленина»)</li> <li>Наличие столовой с льготными ценами для сотрудников</li> <li>График работы: сменный с 7:30 до 14:00 или с 14:00 до 21:35, выходной воскресенье и один день в течение недели за субботу</li> <li>Полный рабочий день (на территории работодателя)</li> </ul>",Полная занятость,Полный день,Нет опыта,,,,,14000.0,техник лаборатории сопровождения компьютерных классов,"Средне-специальное, высшее образование. Без требований к стажу работы. Знание аппаратной части рабочих станций и периферийного оборудования. Опыт администрирования клиентских...",Обработка заявок (первая линия технической поддержки). Установка и настройка системного программного обеспечения компьютерных классов. Установка и настройка прикладного программного обеспечения...,0
Новосибирск,Новосибирский театр оперы и балета,2019-12-04T12:26:40+0300,"<strong>Обязанности:</strong> <ul> <li>Наладка, регулировка, техническое обслуживание систем автоматического пожаротушения</li> <li>Ведение технической документации на оборудование и системы, на помещения, оснащенные пожарной автоматикой и первичными средствами пожаротушения</li> <li>Проверка работоспособности насосной станции, пожарных гидрантов, пожарных кранов, первичных средств пожаротушения</li> </ul> <p><strong>Требования:</strong></p> <ul> <li>Высшее/среднее специальное техническое образование;</li> <li>Аналогичный опыт работы не менее 2- ух лет;</li> <li>Опыт работы с противопожарными системами: пожарная сигнализация, оповещение, автоматика пожаротушения и дымоудаления, внутреннее и наружное противопожарное водоснабжение</li> </ul> <p><strong>Идеальный кандидат будет обладать следующими качествами:</strong></p> <ul> <li>Ответственность за результат, пунктуальность, стрессоустойчивость</li> <li>Оперативность, способность быстро и гибко реагировать на ситуацию в условиях многозадачности, внимательность</li> <li>Активная жизненная позиция</li> </ul> <p><em>Мы тщательно рассматриваем каждое резюме и свяжемся с теми кандидатами, чье резюме наиболее соответствует требованиям к вакантной должности</em>.</p> <p> </p>",Полная занятость,Полный день,От 1 года до 3 лет,,3.0,,1.0,,техник по обслуживанию систем автоматического пожаротушения,Высшее/среднее специальное техническое образование. Аналогичный опыт работы не менее 2- ух лет. Опыт работы с противопожарными системами: пожарная сигнализация...,"Наладка, регулировка, техническое обслуживание систем автоматического пожаротушения. Ведение технической документации на оборудование и системы, на помещения, оснащенные пожарной автоматикой и...",9
Казань,КомпьютерТрейд,2019-12-11T17:53:48+0300,"<p><strong>Обязанности:</strong></p> <ul> <li>Работа с клиентами.</li> <li>Оптовые и розничные продажи компьютерной техники.</li> <li>Диагностика и прием б\у компьютерной техники.</li> <li>Ремонт, настройка, модернизация ПК и Ноутбуков.</li> </ul> <strong>Требования:</strong> <ul> <li>Хорошее знание компьютерного «железа», цифровой техники</li> <li>Опыт сборки‚ настройки, диагностики ПК и Ноутбуков, приветствуется.</li> <li>Опыт работы в продажах, приветствуется.</li> <li>Готовность трудиться на результат и добиваться поставленных целей.</li> </ul> <strong>Условия:</strong> <ul> <li>График работы 4/2.</li> <li>Своевременные выплаты, авансы.</li> <li>Возможность развития и карьерного роста.</li> <li>Официальное Трудоустройство.</li> </ul>",Полная занятость,Полный день,Нет опыта,|Работа с клиентами|Windows Os|Сборка ПК|Настройка ПК|Навыки продаж,,45000.0,,25000.0,менеджер по продажам компьютерной техники,"Хорошее знание компьютерного «железа», цифровой техники. Опыт сборки‚ настройки, диагностики ПК и Ноутбуков, приветствуется. Опыт работы в продажах, приветствуется. ","Работа с клиентами. Оптовые и розничные продажи компьютерной техники. Диагностика и прием б\у компьютерной техники. Ремонт, настройка, модернизация ПК...",2
Казань,"ГКУ Республиканский ресурсный центр Министерства труда, занятости и социальной защиты Республики Татарстан",2019-11-20T09:51:10+0300,"<strong>Обязанности:</strong> <ul> <li>поддержание работы компьютерной техники, 30 машин;</li> <li>поддержание работы сервера в Центральном офисе;</li> <li>организация рабочих мест новых сотрудников, установка и настройка необходимого ПО на компьютеры;</li> <li>поддержка и консультация пользователей;</li> <li>своевременное исполнение поставленных задач;</li> <li>устранение неисправностей компьютерного и серверного оборудования.</li> </ul> <strong>Требования:</strong> <ul> <li>опыт установки и поддержки ОС Windows (различных версий);</li> <li>знание распространенного программного обеспечения (MS Office);</li> <li>знание принципов работы сетевых протоколов, принципов построения компьютерных сетей;</li> <li>знание аппаратной части РС и возможность диагностики и устранения неполадок.</li> </ul> <strong>Условия:</strong> <ul> <li>место работы: ул. Петербургская</li> <li>график работы: с 9:00 до 18:00, 5/2, сб, вс- выходные;</li> <li>официальное трудоустройство;</li> <li>возможности для финансового и профессионального роста;</li> <li>уровень оплаты труда обсуждается на собеседовании.</li> </ul>",Полная занятость,Полный день,От 1 года до 3 лет,|Настройка сетевых подключений|Windows 7|Настройка ПК|Настройка ПО,3.0,,1.0,,техник,"Опыт установки и поддержки ОС Windows (различных версий). Знание распространенного программного обеспечения (MS Office). Знание принципов работы сетевых протоколов, принципов...","Поддержание работы компьютерной техники, 30 машин. Поддержание работы сервера в Центральном офисе. Организация рабочих мест новых сотрудников, установка и настройка...",23
