city,company-name,date,description,employment-form,employment-schedule,experience,key_skills,max-experience,max-salary,min-experience,min-salary,name,requirements,responsibilities,days_from_publish,min-salary-group,max-salary-group,city: Екатеринбург,city: Казань,city: Москва,city: Новосибирск,city: Санкт-Петербург,experience: Более 6 лет,experience: Нет опыта,experience: От 1 года до 3 лет,experience: От 3 до 6 лет,employment-form: Полная занятость,employment-form: Проектная работа,employment-form: Стажировка,employment-form: Частичная занятость,employment-schedule: Вахтовый метод,employment-schedule: Гибкий график,employment-schedule: Полный день,employment-schedule: Сменный график,employment-schedule: Удаленная работа,javascript,node.js,git,css,typescript,angularjs,postgresql,html5,linux,golang,other
Москва,Национальный туроператор Алеан,2019-11-15T18:41:46+0300,"  Национальный туроператор Алеан по праву считается лидером среди компаний, организующих отдых на курортах РФ     Ежегодно по результатам различных рейтингов Алеан занимает верхние строчки предпочтений среди агентств и туристов. Компания гордится высоким репутационным индексом в СМИ и признана экспертом в области внутреннего туризма.         Обязательно:      Самое главное - желание изучать новое и улучшать имеющееся   Вы, как минимум, лояльно относитесь к TypeScript   У вас есть опыт разработки с применением любой библиотеки/фреймворка для написания сервисов; например Express, а лучше Koa   Базовое понимание работы СУБД          Будет плюсом:      Хороший опыт работы с хотя бы одном из компилируемых языков с сильной типизацией   Опыт работы с TypeScript   Опыт создания приложений с микросервисной архитектурой   Опыт написания юнит-тестов, интеграционных тестов   Опыт взаимодействия с Redis (напрямую, через хранимые процедуры)   Опыт взаимодействия с RabbitMQ   Опыт взаимодействия с docker (создания образов, развёртывания, оркестрации)   Опыт взаимодействия с БД логирования   Опыт написания bash-скриптов   Опыт работы с git   Вы дружите как с Windows так и с Linux   Опыт ведения задач в системах управления проектами      Чем предстоит заниматься:      Создание многоцелевых веб-сервисов, обслуживающих задачи в сфере туризма в целом и в автоматизации отелей в частности.      Стек технологий:      Вся кодовая база на TypeScript   NodeJS под большинство сервисов   PostgreSQL+Redis   Vue в качестве основы фронтенда   Webpack для сборки и компоновки   Docker в dev-окружении   Gitlab как CI/CD, хранилище и площадка для обсуждений      Условия:      Интересная работа в дружном коллективе с возможностью профессионального роста и развития;   Соблюдение ТК РФ   Офис м. Динамо или м. Белорусская (10 мин. пешком)   График работы: пн.-пт. 8 часовой рабочий день, гибкий график работы   Возможность полностью удаленной работы   Скидка на собственный турпродукт      Мы не предлагаем тестовое задание, но все же мы должны дать предварительную оценку по каким-либо примерам ваших работ.     Лучший пример, который мы можем ожидать от Вас – это открытый код (например, на GitHub). Это может быть ваш личный открытый репозиторий, ваши пул-реквесты в OpenSource проекты, другая активность в OpenSource-сообществе.      ",Полная занятость,Полный день,От 1 года до 3 лет,|JavaScript|TypeScript|Node.js|Koa|Linux|Redis|Git|PostgreSQL|docker|webpack,3.0,187497.03703703702,1.0,136666.66666666663,разработчик node.js,"Самое главное - желание изучать новое и улучшать имеющееся. Вы, как минимум, лояльно относитесь к TypeScript. У вас есть опыт разработки...","Создание многоцелевых веб-сервисов, обслуживающих задачи в сфере туризма в целом и в автоматизации отелей в частности. Вся кодовая база...",0.9333333333333333,2,2,0,0,1,0,0,0,0,1,0,1,0,0,0,0,0,1,0,0,1,1,1,0,1,0,1,0,1,0,1
Москва,DigitalHR,2019-12-02T15:31:51+0300," Компания разрабатывает программно-аппаратный комплекс для проведения медицинских осмотров водителей. Сейчас мы ищем Middle Node.js разработчика, который будет работать над как с существующей системой, так и будет заниматься написанием новой серверной части. При необходимости возможна работа с клиентской частью.   Требования:     Back-end опыт 1,5-2-х лет.   Знание Vanilla.js, Node.js, postgres, Redis, Javascript (ES6) и выше.   Понимание принципов клиент-серверной архитектуры, REST, API, PL/pgsql, СКВ (git), *NIX систем.   Умение работать с front-частью.   Знание Vue.js 2.0, socket.io как плюс.     Условия:     Участие в разработке интересного продукта, непосредственное влияние на бизнес-результат.   Прекрасные возможности для роста и профессионального развития.   Официальное оформление по ТК РФ, достойный фиксированный оклад - обсуждается индивидуально с каждым кандидатом.   Уютный и просторный офис в 7 минутах от м. Марьина Роща/м. Савеловская.   ",Полная занятость,Полный день,От 1 года до 3 лет,|JavaScript|Node.js|PostgreSQL|Git,3.0,187497.03703703702,1.0,136666.66666666663,middle node.js разработчик,"Back-end опыт 1,5-2-х лет. Знание Vanilla.js, Node.js, postgres, Redis, Javascript (ES6) и выше. ","Участие в разработке интересного продукта, непосредственное влияние на бизнес-результат.",0.36666666666666664,2,2,0,0,1,0,0,0,0,1,0,1,0,0,0,0,0,1,0,0,1,1,1,0,0,0,1,0,0,0,1
Москва,goods,2019-12-04T13:20:32+0300," Мы Goods.ru — e-commerce нового типа. Входим в группу наряду с такими компаниями, как &quot;М.Видео&quot; и &quot;Эльдорадо&quot; (топ-10 крупнейших ритейлеров в мире в своем сегменте).   Нам больше трёх лет, и наш продукт уже генерит трафик более 4 млн. уникальных посещений в месяц. Наше принципиальное отличие от конкурентов в том, что мы максимально упрощаем жизнь клиентам: контролируем весь процесс от заказа до доставки, отвечаем за действия продавцов и защищаем интересы покупателя.   На сегодняшний день нас больше 300 человек и одно из самых больших IT-подразделений, в котором успешно трудятся разработчики, архитекторы, devOps, админы, продакт-менеджеры, тестировщики и т.д.    Для усиления команды мы запускаем школу Go - разработки для наших сотрудников, в также открываем набор кандидатов с опытом в backend разработке, желающих освоить/перейти на современный технологический стек.     Что предстоит делать:        Разрабатывать API для сервисов goods.ru;       Разрабатывать с нуля высоконагруженные сервисы;       Разрабатывать сопутствующие микросервисы для поддержания и развития бизнеса.        Что для этого нужно:      Опыт разработки от 2-х лет (готовы рассмотреть backend разработчиков, желающих получить опыт на Go);   Понимать, как устроен HTTP;   Понимать Linux на уровне пользователя;   Способность разобраться в современных архитектурных паттернах;   Ответственно относиться к работе, не бояться предлагать решения, хотеть работать в команде и развиваться;   Не стесняться/ быть способным предлагать новые инструменты и технологии.      Что вам будет интересно:        Возможность научиться разрабатывать приложения на востребованном языке Go;       Отсутствие legacy, так как все проекты &quot;молодые&quot;;       Поработать в развивающихся проектах с внедрением новых технологий, с поддержкой микросервисной архитектуры;     Применить свою экспертизу в нескольких технологических стеках.      + несколько причин работать с нами  :      Только собственные продукты. Возможности сделать с &quot;0&quot; так как правильно;   Идеальные условия для всестороннего развития и воплощения идей;   Современные технологии и подходы: можно и нужно пробовать новое;   Работаем в классном офисе, сделанном в дизайне Космического корабля (Бауманская/Красносельская/Комсомольская);   Комфортные рабочие места, оборудованные лучшей техникой;   Мы уже сформировали сплоченную команду профессионалов и активно ее пополняем;   Забота о сотрудниках: ДМС (со стоматологией и массажем), оплата профессиональных курсов и конференций, страхование жизни (для себя/родственника), обучение английскому языку, годовой абонемент в фитнес-клубах;   Дресс-код: отсутствует;   У нас конкурентоспособная заработная плата, обсуждается по итогам интервью. Всё белое;   Интересная внерабочая жизнь: совместное участие в «Гонке героев», турпоходы, совместные игры в футбол и волейбол, просмотр фильмов и настолки в офисе.   ",Полная занятость,Полный день,От 3 до 6 лет,|Golang|API|PHP|Node.js|Java|C/C++|Python|C#,6.0,187497.03703703702,3.0,136666.66666666663,node.js go разработчик,"Опыт разработки от 2-х лет (готовы рассмотреть backend разработчиков, желающих получить опыт на Go). Понимать, как устроен HTTP. ",Разрабатывать API для сервисов goods.ru. Разрабатывать с нуля высоконагруженные сервисы. Разрабатывать сопутствующие микросервисы для поддержания и развития бизнеса.,0.3,2,2,0,0,1,0,0,0,0,0,1,1,0,0,0,0,0,1,0,0,0,1,0,0,0,0,0,0,0,1,1
Москва,RedStone Capital,2019-11-21T13:11:31+0300," Привет! Мы - команда продукта  GetMark , решения для маркировки и отслеживания движения товаров от производителя до конечного покупателя в рамках нового закона ФЗ-487.   Решение поможет предпринимателям и компаниям соответствовать всем требования нового закона, сделав сложные и разрозненные процессы простыми.   Если ты - активный Node.js разработчик с интересом к языку Go (опыт в Golang приветствуется, но не обязателен - достаточно желания учиться), желающий работать в  атмосфере стартапа , но при этом с официальным оформлением  по ТК  и стабильным финансированием, эта вакансия для тебя.   Приходи в наш офис у м. Ул. 1905 года пообщаться с командой и обсудить тот важный вклад, который ты можешь сделать в продукт, чтобы помочь сотням и тысячам компаний.   Сейчас наша продуктовая команда активно развивает MVP: бизнес-процессы проработаны, UI расписан, фронтенд и приложения в разработке. То есть отвлекаться на посторонние задачи, как приходится делать во многих стартапах, тебе не понадобится.   При этом, в отличие от крупных проектов, твой личный вклад будет очень видим и важен.    Чем тебе предстоит заниматься:        Разрабатывать бэкенд нашей системы (микросервисы без фанатизма)       Разрабатывать API для связи бэкенда с фронтендом и моб. приложениями       Работать с API внешних систем        Что от тебя потребуется:        Писать понятный и поддерживаемый код, предлагать и реализовывать идеи по его улучшению       Уверенное знание Node.js       Желание изучать язык Go (golang) и в дальнейшем использовать в проде       Желание изучать и использовать микросервисные архитектуры и основы DevOps       Опыт работы со внешними API       Знакомство с очередями (RabbitMQ и/или Kafka)       Опыт работы с базами данных (MongoDB, приветствуются MySQL, Redis и др.)       Базовый опыт работы с git        Плюсы в карму за навыки:        Опыт работы с относительно высокими нагрузками       Опыт работы с Golang       Опыт работы с микросервисными архитектурами       Опыт создания собственных API       Опыт работы с Typescript       Опыт поиска узких мест и оптимизации кода        Условия:        Start-up в рамках инвестиционного холдинга       Хорошая атмосфера в компании, адекватное руководство, дружная команда, отсутствие бюрократии и дресс-кода, возможности для реализации твоих идей       Офис в центре Москвы, ст. м. Улица 1905 года       Гибкий режим работы       Оформление по ТК РФ (зарплата целиком белая), испытательный срок 3 месяца     ",Полная занятость,Полный день,От 3 до 6 лет,|JavaScript|Node.js|Typescript|Golang|Go|API|MongoDB|Git,6.0,187497.03703703702,3.0,150000.0,middle node.js разработчик,"Писать понятный и поддерживаемый код, предлагать и реализовывать идеи по его улучшению. Уверенное знание Node.js. Желание изучать язык Go (golang...",Разрабатывать бэкенд нашей системы (микросервисы без фанатизма). Разрабатывать API для связи бэкенда с фронтендом и моб. приложениями. Работать с API...,0.7333333333333333,2,2,0,0,1,0,0,0,0,0,1,1,0,0,0,0,0,1,0,0,1,1,1,0,1,0,0,0,0,1,1
Москва,RedStone Capital,2019-11-21T20:04:44+0300,"  Разработчик Node.js с интересом к языку Go    Привет! Мы - команда продукта  GetMark , решения для маркировки и отслеживания движения товаров от производителя до конечного покупателя в рамках нового закона ФЗ-487.   Решение поможет предпринимателям и компаниям соответствовать всем требования нового закона, сделав сложные и разрозненные процессы простыми.   Если ты - активный разработчик на Node.js с интересом к языку Go (опыт в Golang приветствуется, но не обязателен - достаточно желания учиться), желающий работать в  атмосфере стартапа , но при этом с официальным оформлением  по ТК  и стабильным финансированием, эта вакансия для тебя.   Приходи в наш офис у м. Ул. 1905 года пообщаться с командой и обсудить тот важный вклад, который ты можешь сделать в продукт, чтобы помочь сотням и тысячам компаний.   Сейчас наша продуктовая команда активно развивает MVP: бизнес-процессы проработаны, UI расписан, фронтенд и приложения в разработке. То есть отвлекаться на посторонние задачи, как приходится делать во многих стартапах, тебе не понадобится.   При этом, в отличие от крупных проектов, твой личный вклад будет очень видим и важен.    Чем тебе предстоит заниматься:        Участвовать в разработке бэкенда нашей системы       Работать с внутренними и внешними API        Что от тебя потребуется:        Писать понятный и поддерживаемый код, предлагать и реализовывать идеи по его улучшению       Уверенное знание Node.js       Опыт работы с API       Опыт работы с базами данных (MongoDB, приветствуются MySQL, Redis и др.)       Базовый опыт работы с git       Желание изучать язык Go (golang) и в дальнейшем использовать в проде       Желание изучать и использовать микросервисные архитектуры и основы DevOps       Желание изучать работу с очередями (RabbitMQ и/или Kafka)        Плюсы в карму за навыки (требованием не является!):        Опыт работы с относительно высокими нагрузками       Опыт работы с Golang       Опыт работы с микросервисными архитектурами       Опыт создания собственных API       Опыт работы с Typescript       Опыт поиска узких мест и оптимизации кода        Условия:        Start-up в рамках инвестиционного холдинга       Хорошая атмосфера в компании, адекватное руководство, дружная команда, отсутствие бюрократии и дресс-кода, возможности для реализации твоих идей       Офис в центре Москвы, ст. м. Улица 1905 года       Гибкий режим работы       Оформление по ТК РФ (зарплата целиком белая), испытательный срок 3 месяца     ",Полная занятость,Полный день,От 1 года до 3 лет,|JavaScript|Node.js|Typescript|Golang|Go|API|MongoDB|Git,3.0,187497.03703703702,1.0,100000.0,разработчик node.js,"Писать понятный и поддерживаемый код, предлагать и реализовывать идеи по его улучшению. Уверенное знание Node.js. Опыт работы с API. ",Участвовать в разработке бэкенда нашей системы. Работать с внутренними и внешними API.,0.7333333333333333,1,2,0,0,1,0,0,0,0,1,0,1,0,0,0,0,0,1,0,0,1,1,1,0,1,0,0,0,0,1,1
Москва,DEFA,2019-12-11T12:55:51+0300,"  .defa  — веб-интегратор полного технологического цикла, входящий в список 5 лучших веб-разработчиков России. Мы создали компанию в 2000 году и прошли путь от креативной веб-студии до авторитетного разработчика сложных корпоративных сервисов и веб-приложений.    Обязанности:      Реализация проектов по заказу крупнейших российских и международных компаний (kia.ru, renault.ru, sberbank.ru, raiffeisen.ru, vnukovo.ru);   Разработка нового и модификация старого функционала;   Документирование разработки;   Интеграция с внешними системами (API).      Требования:      Опыт разработки и поддержки Single Page Application (SPA)-приложений;   Опыт разработки на NodeJs;   Опыт разработки на VueJS и TypeScript;   Опыт работы со «сборщиками» WebPack, Gulp;   Опыт кроссбраузерной адаптивной верстки «с нуля»;   Опыт работы REST API и Swagger;   Опыт работы с системами контроля версий (GIT);   Опыт работы с Docker;   Хорошие знания Unix / Linuх.      Что мы используем в работе:      Базы данных: MySQL;   Серверная часть (backend): php;   Framework: Symfony, Laravel, yii2;   Клиентская часть (frontend): javascript, vue.js, node.js;   Поиск / статистика / журналирование: Elasticsearch;   Документирование программного кода: Swagger;   Система кеширования: Redis, Memcached;   Система управления репозиториями кода: Gitlab;   Координация и управления сервисами (система оркестрации): Kubernetes, docker;   Системы очередей не указаны: RabbitMq/Kafka;   Веб сервер: Nginx;   Операционная система: CentOS / Debian;   Мониторинг: Prometheus / Zabbix + Grafana.      Условия:      Конкурентная заработная плата (обсуждается индивидуально на собеседовании);   Возможность обучения и развития в компании;   Дружный и отзывчивый, профессиональный молодой коллектив;   Просторный и уютный офис в центре с зонами релакса, кухней;   Плавающий график (утро начинается с 8-11);   Оформление по ТК, полностью белое оформление   ",Полная занятость,Полный день,От 3 до 6 лет,|Git|Docker|Kubernetes|k8s|Elasticsearch|Redis|Node.js|REST|Vue.js|TypeScript,6.0,187497.03703703702,3.0,160000.0,vue.js разработчик,Опыт разработки и поддержки Single Page Application (SPA)-приложений. Опыт разработки на NodeJs. Опыт разработки на VueJS и TypeScript. ,"Реализация проектов по заказу крупнейших российских и международных компаний (kia.ru, renault.ru, sberbank.ru, raiffeisen.ru, vnukovo.ru). Разработка нового и модификация старого функционала. ",0.06666666666666667,3,2,0,0,1,0,0,0,0,0,1,1,0,0,0,0,0,1,0,0,0,1,1,0,1,0,0,0,0,0,1
Санкт-Петербург,ТаймВэб,2019-12-13T12:26:03+0300," Мы занимаемся  хостингом . Сейчас у нас более 150 000 активных пользователей, примерно каждый десятый сайт в рунете размещается у нас.   Наши основные программные продукты: панели управления хостингом, выделенными серверами и VDS, регистрации доменов и заказа SSL, внутренняя CRM, почтовый сервис.   Клиенты  Timeweb  считают панель управления одной из самых удобных на рынке, но мы не останавливаемся в её развитии, и поэтому ищем  Fullstack   программиста РНР/JS.         Как мы работаем:        Пишем добротный код на PHP 7.3 / JS ES6       Используем Yii 2 и Backbone/Marionette       Развиваем сервис-ориентированную архитектуру, общаемся по REST API       Покрываем код тестами при помощи Codeception и Jest       Применяем Code Review и работаем по Git Flow       Для автоматизации цепочки CI/CD по полной используем GitLab       В разработке активно используем Docker и Kubernetes       SCRUM, спринт — 1 неделя       Проводим совместное техническое проектирование и планирование задач спринта        Задачи для вас:        Участие в развитии существующих продуктов       Разработка новых продуктов       Взаимодействие с сервисной инфраструктурой       Разработка сервисов и API       Построение и улучшение архитектуры системы       Анализ требований, проектирование решений, оценка технических задач        Мы ждем от вас:        Знание и опыт PHP 7+, JS ES2015+       Уверенные знания любого из основных PHP-фреймворков       Общие представления о JS-фреймворках и библиотеках       Опыт использования MySQL / PostgreSQL / Redis / RabbitMQ       Знание основных принципов API (REST API, JSON API, SOAP)       Чистый код, уважение к TDD       Опыт enterprise/продуктовой разработки       Умение работать в команде, делиться своим мнением и прислушиваться к мнению других        У нас вы сможете получить знания и навыки:        использования и разработки сложной архитектуры корпоративных приложений;       совместного эффективного поиска оптимального решения;       построения процессов разработки;       применения Docker и Kubernetes;       автоматизации GitLab CI/CD;       fullstack-разработки на PHP, Go, Python, Javascript       а также удовольствие от работы в сильной самостоятельной команде.            Также мы предлагаем:      Гибкое начало рабочего дня;   Официальное трудоустройство и белую заработную плату.     Мы всячески приветствуем  Здоровый образ жизни  и предоставим Вам: оплачиваемые обеды; компенсацию Ваших спортивных занятий; ДМС; уютную кухню с вкусными сортами чая и ароматным кофе, молоком и фруктами; комнату отдыха с настольным теннисом и турником. ",Полная занятость,Гибкий график,От 1 года до 3 лет,|PHP|MySQL|Linux|JavaScript|CSS|Backbone,3.0,180000.0,1.0,70000.0,разработчик php js,"Знание и опыт PHP 7+, JS ES2015+. Уверенные знания любого из основных PHP-фреймворков. Общие представления о...",Пишем добротный код на PHP 7.3 / JS ES6. Используем Yii 2 и Backbone/Marionette. Развиваем сервис-ориентированную архитектуру...,0.0,1,2,0,0,0,0,1,0,0,1,0,1,0,0,0,0,1,0,0,0,1,0,0,1,0,0,0,0,1,0,1
Санкт-Петербург,АванПост,2019-12-02T15:04:15+0300," Выполняем весь цикл работ от разработки и производства оборудования до разработки и сопровождения облачного программного обеспечения.   Приглашаем к нам в команду  JS разработчика  для работы над уникальным технически сложным продуктом облачного сервис.  В связи с развитием проекта, мы расширяем коллектив специалистом по  React JS.  Пространство для реализации своего потенциала и получения опыта — не ограничено.    Задачи:  разработка frontend-части проекта, кроссбраузерная и адаптивная верстка, написание простых и сложных компонентов React.js    Ты нам подходишь, если у тебя есть:        Опыт Front-end разработки;       Уверенные знания React;       Уверенные знания JavaScript (es5, es6 и выше);       Уверенные знания HTML, CSS и т.д.;       Опыт разработки js-приложений, опыт работы с GIT;       Умение разбираться в чужом коде.        Что мы тебе предлагаем:        Работа в крупной динамично развивающейся компании!       Современный комфортабельный офис.       График работы 5/2, возможность гибкого начала рабочего дня с 8:00 до 11:00.       Интересные и разнообразные проекты, современные технологии.       Работа в команде высококвалифицированных специалистов.       Достойный уровень заработной платы.       Официальное оформление, оплачиваемый отпуск, больничный.     ",Полная занятость,Полный день,От 1 года до 3 лет,|JavaScript|Git|jQuery|HTML|CSS|reacte,3.0,180000.0,1.0,70000.0,js разработчик,"Опыт Front-end разработки. Уверенные знания React. Уверенные знания JavaScript (es5, es6 и выше). Уверенные знания HTML, CSS...",Выполняем весь цикл работ от разработки и производства оборудования до разработки и сопровождения облачного программного обеспечения. Задачи: разработка frontend-части...,0.36666666666666664,1,2,0,0,0,0,1,0,0,1,0,1,0,0,0,0,0,1,0,0,1,0,1,1,0,0,0,0,0,0,1
Екатеринбург,Тензор,2019-12-02T08:25:29+0300," Тензор – крупная российская IT-компания. Наш основной продукт – СБИС – сеть деловых коммуникаций. СБИС объединяет людей и компании, системы управления и учета, бизнес-процессы и документы в одной системе.   Систему СБИС придумали, создали и постоянно совершенствуют почти 1500 разработчиков в 11 филиалах по стране. У нас есть фанаты дата-майнинга, эксперты в разработке кроссплатформенных приложений и высоконагруженных систем, разработчики мобильных, настольных и веб-приложений, специалисты по обработке, анализу и хранению больших массивов данных.   Мы ищем людей, способных реализовывать крупные проекты от идеи до “продакшена”. Присоединившись к нашей команде, у вас будет возможность усовершенствовать систему СБИС. Результатом вашей работы будут пользоваться более миллиона людей – на компьютерах, планшетах и смартфонах.   Мы не работаем под заказ, мы создаем тиражные продукты. Используемый стек технологий: C++, Python, PostgreSQL, Javascript, NodeJS, Redis, ElasticSearch, Clickhouse. Вам не нужно знать буквально все наши технологии. Нужна светлая голова и страстное желание работать. Делать лучший продукт в России.    Что нужно уметь:      знать javascript, желательно иметь в багаже работы, которыми не стыдно похвастаться;   иметь навык работы с фреймворками: jQuery, Ext JS и logic-less шаблонизаторами;   уметь читать чужой код;   отлаживать и тестировать собственный код;   придерживаться принятого стиля компании.      Будет преимуществом, если:      знаете SQL;   знаете Python или другой язык (С++, C#, Java, Delphi);   есть опыт работы в команде;   готовы экспериментировать и изучать новое;   считаете себя мастерским переговорщиком и решателем сложных задач.      Мы готовы предложить:      заработная плата в зависимости от квалификации и уровня ответственности;   оформление по ТК РФ, белая заработная плата на банковскую карту 2 раза в месяц;   премии от 5 до 20% по итогам работы за месяц;   социальные гарантии;   приятные вне офисные плюшки: спорт и развлечения.   ",Полная занятость,Гибкий график,От 1 года до 3 лет,|JavaScript|HTML|CSS|PostgreSQL,3.0,120000.0,1.0,75000.0,разработчик js,"Мы не работаем под заказ, мы создаем тиражные продукты. Используемый стек технологий: C++, Python, PostgreSQL, Javascript, NodeJS, Redis, ElasticSearch, Clickhouse. ",Придерживаться принятого стиля компании.,0.36666666666666664,1,1,1,0,0,0,0,0,0,1,0,1,0,0,0,0,1,0,0,0,1,0,0,1,0,0,1,0,0,0,1
Екатеринбург,DriverPack Solution,2019-12-02T13:12:15+0300," Привет! Меня зовут Артур Кузяков. Я фаундер компании DriverPack — это самое знаменитое приложение для настройки компьютеров в один клик. 60млн+ юзеров, используют DriverPack.   Но… драйверы это скучно... Поэтому сегодня я собираю команду под новый, уникальный продукт для европейского рынка. Расскажу подробнее, когда придешь на собеседование! :-)    Кого ищу?  Fullstack разработчиков на NodeJS, React, Vue.    Почему работать в   DriverPack  —  круто:      У нас много классных задач, выполняя которые ты будешь расти, они тебя будут челенджить постоянно.   У нас не получится «кодить ради кода», придётся постоянно думать головой, что реально ты делаешь и зачем.   Мы всё время думаем, как &quot;хакнуть систему&quot;, чтобы достичь того же результата, но сильно быстрее?   У нас принято, чтобы разработчики влияли на то, в какую сторону будет развиваться продукт. А для этого поэтому, например, у нас все разработчики шарят в продуктовых метриках, маркетинге, аналитике и всяких таких штуках. Мы и тебя научим.      1. Наши разработчики влияют на наш продукт.    Каждой задаче мы задаем вопросы:     Понимаю ли я зачем мы делаем задачу?   Согласен ли я что нужно ее делать?   Есть ли другие решения задачи?     Не делаем, если сомневаемся. Делаем только самое важное. Выкидываем «улучшательства», если их сложно делать.    2. Задачи описаны четко и понятно.    Устал от однострочных описаний “сделай по макету”? В DriverPack такого нет.   Каждая задача описывает проблему. После этого:     Обсуждаем командой программистов и вырабатываем решение и оценку.   Задача не попадает в разработку, пока не понятно как ее делать.      3. Мы на острие технологий:      Наш стек: Node.JS, React, Babel, Vue, Redux, Gulp, Koa.js, NW.js, ElectronJS, Webpack, ES6   Базы данных: MongoDB, SQLite, PostgreSQL, MySQL, Redis, Memcached   Серверные технологии: Docker, Ansible, Kuberhetes, HAProxy, Zabbix, Sentry, Jenkins, nagios, CDN, Nginx, Apache   WebTorrent для уменьшения нагрузки на CDN и повышения отказаустоичивости   Продуктовые методологии и подходы: AARRR, ARPU, ARPPU, Retention, LTV, CPA, StoryMapping, DesignThinking, HADI, JTBD, User Stories, CJM (Customer Journey Map)   Можно перечислить ещё много разных штук, которые показывают, что мы крутые… но думаю, что этого пока хватит :-)      4. Мы за простые решения:      Упрощать здорово.   Усложняй, только если это оправданно.   Используй сторонние решения. Не пиши велосипеды.   Не делай лишнего. Сделай простой работающий скелет. Сделай его хорошо.      Почему, работа в DriverPack, тебе может не подойти:      Если ты часто употребляешь фразы «Это нереализуемо» или «Это невозможно».   Не бросаемся использовать новые хайповые технологии. Потому что для нас программирование это всего лишь один из инструментов, при помощи которого мы создаём самые лучшие продукты.   Ты не переносишь Legacy код. Проекту, всё таки, 10 лет ;) Есть legacy части, которые нет смысла и желания переписывать.   Ты перфекционист и делаешь идеальные решения долго и упорно.      Что дальше:      Откликайся на вакансию в HH   Заполни тестовое задание   Если ок, то пообщаемся лично       ",Полная занятость,Полный день,Более 6 лет,,,300000.0,6.0,75000.0,senior nodejs разработчик москва,"Не делай лишнего. Сделай простой работающий скелет. Сделай его хорошо. Ты не переносишь Legacy код. Проекту, всё таки, 10 лет...",Каждая задача описывает проблему. После этого: Обсуждаем командой программистов и вырабатываем решение и оценку. WebTorrent для уменьшения нагрузки на CDN...,0.36666666666666664,1,4,1,0,0,0,0,1,0,0,0,1,0,0,0,0,0,1,0,0,0,0,0,0,0,0,0,0,0,0,0
Екатеринбург,Плейджендари Ру,2019-12-05T11:21:38+0300," Мы ищем опытного  разработчика Node.js , который вольется в команду  Playgendary  и поможет нам создавать новые казуальные игры со своей уникальной стилистикой, а также поможет нам стать сильнее в создании ультра-казуальных игр.    Playgendary  сегодня – это команда из 300 человек, работающих удаленно и в офисах компании в Санкт-Петербурге, Минске и Мюнхене. У нас более 500 миллионов игроков по всему миру, а в 2018-м году  Playgendary  вошла в ТОП-10 игровых разработчиков по количеству скачиваний. Среди наших хитов: Kick the Buddy, Polysphere, Bowmasters, Tank Stars.   Процессы в  Playgendary  просты и понятны: у нас нет долгих согласований, а сотрудники сами могут принимать решения. Так что у вас всегда будет возможность реализовать свои идеи и пробовать что-то новое. А еще мы очень ценим простоту общения.        Что нужно делать:        Участвовать в разработке back-end’a мобильной игры:       Логика и хранение (ивенты, кланы, статистика, аналитика и т.д.);       Разработка API;       Документация API.           Участвовать в оценке задач;       Организовывать environments;       Взаимодействовать и координироваться с разработчиками клиентской части.        Ты нам подходишь, если ты:        Разрабатывал back-end приложений на одном из Node.js фреймворков (Express.js, Koa.js, Hapi.js или др.) более 2-х лет;       Знаешь JavaScript (ES5+);       Имеешь работы с одним из ORM фреймворков для Node.js (sequelize, mongoose или другим);       Работал с noSQL хранилищами;       Использовал в проектах npm, gulp/webpack;       Понимаешь ООП и паттерны проектирования.        Будет круто, если дополнительно ты:        Понимаешь принципы горизонтального масштабирования back-end сервисов;       Работал с сервисами Google Cloud.        Мы будем рады предложить:        Зарплату, защищенную от валютных колебаний;       Работу в дружной команде единомышленников;       Помощь в реализации ваших идей в рамках работы с командой;       Постоянное повышение квалификации (компания оплачивает образовательные программы и поездки на конференции);       График для тех, кто любит поспать;       Реферальную программу;       Денежные бонусы по случаю важных жизненных событий;       Оплату занятий спортом.         ",Полная занятость,Полный день,От 1 года до 3 лет,|Node.js|JavaScript|ООП|Design Patterns|Креативность,3.0,210000.0,1.0,75000.0,node.js разработчик,"Разрабатывал back-end приложений на одном из Node.js фреймворков (Express.js, Koa.js, Hapi.js или др.) более 2-х лет. ","Участвовать в разработке back-end’a мобильной игры: Логика и хранение (ивенты, кланы, статистика, аналитика и т.д.). Разработка API. ",0.26666666666666666,1,3,1,0,0,0,0,0,0,1,0,1,0,0,0,0,0,1,0,0,1,1,0,0,0,0,0,0,0,0,1
Новосибирск,DriverPack Solution,2019-12-02T13:12:21+0300," Привет! Меня зовут Артур Кузяков. Я фаундер компании DriverPack — это самое знаменитое приложение для настройки компьютеров в один клик. 60млн+ юзеров, используют DriverPack.   Но… драйверы это скучно... Поэтому сегодня я собираю команду под новый, уникальный продукт для европейского рынка. Расскажу подробнее, когда придешь на собеседование! :-)    Кого ищу?  Fullstack разработчиков на NodeJS, React, Vue.    Почему работать в   DriverPack  —  круто:      У нас много классных задач, выполняя которые ты будешь расти, они тебя будут челенджить постоянно.   У нас не получится «кодить ради кода», придётся постоянно думать головой, что реально ты делаешь и зачем.   Мы всё время думаем, как &quot;хакнуть систему&quot;, чтобы достичь того же результата, но сильно быстрее?   У нас принято, чтобы разработчики влияли на то, в какую сторону будет развиваться продукт. А для этого поэтому, например, у нас все разработчики шарят в продуктовых метриках, маркетинге, аналитике и всяких таких штуках. Мы и тебя научим.      1. Наши разработчики влияют на наш продукт.    Каждой задаче мы задаем вопросы:     Понимаю ли я зачем мы делаем задачу?   Согласен ли я что нужно ее делать?   Есть ли другие решения задачи?     Не делаем, если сомневаемся. Делаем только самое важное. Выкидываем «улучшательства», если их сложно делать.    2. Задачи описаны четко и понятно.    Устал от однострочных описаний “сделай по макету”? В DriverPack такого нет.   Каждая задача описывает проблему. После этого:     Обсуждаем командой программистов и вырабатываем решение и оценку.   Задача не попадает в разработку, пока не понятно как ее делать.      3. Мы на острие технологий:      Наш стек: Node.JS, React, Babel, Vue, Redux, Gulp, Koa.js, NW.js, ElectronJS, Webpack, ES6   Базы данных: MongoDB, SQLite, PostgreSQL, MySQL, Redis, Memcached   Серверные технологии: Docker, Ansible, Kuberhetes, HAProxy, Zabbix, Sentry, Jenkins, nagios, CDN, Nginx, Apache   WebTorrent для уменьшения нагрузки на CDN и повышения отказаустоичивости   Продуктовые методологии и подходы: AARRR, ARPU, ARPPU, Retention, LTV, CPA, StoryMapping, DesignThinking, HADI, JTBD, User Stories, CJM (Customer Journey Map)   Можно перечислить ещё много разных штук, которые показывают, что мы крутые… но думаю, что этого пока хватит :-)      4. Мы за простые решения:      Упрощать здорово.   Усложняй, только если это оправданно.   Используй сторонние решения. Не пиши велосипеды.   Не делай лишнего. Сделай простой работающий скелет. Сделай его хорошо.      Почему, работа в DriverPack, тебе может не подойти:      Если ты часто употребляешь фразы «Это нереализуемо» или «Это невозможно».   Не бросаемся использовать новые хайповые технологии. Потому что для нас программирование это всего лишь один из инструментов, при помощи которого мы создаём самые лучшие продукты.   Ты не переносишь Legacy код. Проекту, всё таки, 10 лет ;) Есть legacy части, которые нет смысла и желания переписывать.   Ты перфекционист и делаешь идеальные решения долго и упорно.      Что дальше:      Откликайся на вакансию в HH   Заполни тестовое задание   Если ок, то пообщаемся лично.       ",Полная занятость,Полный день,Более 6 лет,,,300000.0,6.0,83820.0,senior nodejs разработчик москва,"Не делай лишнего. Сделай простой работающий скелет. Сделай его хорошо. Ты не переносишь Legacy код. Проекту, всё таки, 10 лет...",Каждая задача описывает проблему. После этого: Обсуждаем командой программистов и вырабатываем решение и оценку. WebTorrent для уменьшения нагрузки на CDN...,0.36666666666666664,1,4,0,0,0,1,0,1,0,0,0,1,0,0,0,0,0,1,0,0,0,0,0,0,0,0,0,0,0,0,0
Новосибирск,Тензор,2019-11-18T09:25:11+0300,"  let promise = new Promise((res, rej) =&gt; {isExpertOfJS(() =&gt; res(true))})    Если…     вы знаете чем ES2015 отличается от ECMAScript 5   названия Angular, React, Meteor, Raphael, D3 для вас не пустой звук, а знакомые инструменты…   вы знаете не только «что» они делают, но «почему и как», а на полке давно пылится свой JavaScript-фреймворк, лишенный их недостатков…   фраза про «JavaScript на сервере и Virtual DOM» вызывает не оторопь, а открывает новые возможности…     Мы ждем именно вас – того, кто понимает и ценит JS-код!   Мы – это   ИТ-компания федерального масштаба, миллионы клиентов которой ежедневно работают в одном из крупнейших web-приложений страны.   Вам предстоит принять участие в создании «платформы» – фундамента целостной экосистемы создания, развертывания и поддержки масштабируемых web-решений. Инструментарий прикладного разработчика, средства визуальной верстки и анализа производительности, ядро кросс-платформенных приложений и даже собственный фреймворк готовых бизнес-компонентов – лишь некоторые из ее частей.   Ведущий JS-разработчик платформы у нас – это не «вещь в себе», а, в некотором роде, евангелист. Тот, кто может не только «сделать сам», но и «продать» свой вариант разработчикам прикладных модулей – провести презентацию, помочь внедрить, объяснить и убедить в эффективности предлагаемых решений. А убеждать придется часто – ведь у нас уже 11 центров разработки по всей стране!   Конечно, в одиночку такая задача непосильна, поэтому вам придется набирать, растить и организовывать команду из разработчиков и QA-специалистов, проектировщиков и специалистов по документации. Внутри команды вы можете применять любые методики – Scrum, Agile, Kanban, парное и экстремальное программирование, но главное – результат и качество приложения и документации.   Вопросы поиска, финансирования и размещения ваших сотрудников в современных удобных офисах мы берем на себя. Но от вас будем требовать обеспечения грамотной разработки и экспертизы архитектурных решений, подготовки технических заданий и контроля качества их реализации в рамках команды. То есть вы сами должны быть опытным разработчиком, а не просто «менеджером».   Math.exp(x):   Мы верим, что претендент на вакансию ведущего JS-разработчика сталкивался и с другими технологиями. Мы разрабатываем бэкенд на C++, Python, JavaScript (NodeJS), а в качестве хранилища данных используем PostgreSQL.    Поэтому мы будем рады узнать о наличии у вас:      опыта разработки на указанных выше ЯП или любом диалекте SQL   способности чувствовать «красоту кода»   навыков управления командой разработки   участия в разработке высоконагруженных проектов   профильного (ИТ/инженерного) образования   желания развиваться – как вместе с нами, так и самостоятельно     promise.then(checkSalarySum)   На старте мы предлагаем от 160 до 245 т.р., но размер итоговой компенсации определяется только вашими способностями и эффективностью работы вашей команды.    Кроме этого мы предлагаем:      оформление по ТК РФ;   социальные гарантии;   ДМС после года работы в компании;   курсы английского языка;   корпоративные праздники и различные совместные мероприятия;   корпоративные спортивные программы.   ",Полная занятость,Гибкий график,От 3 до 6 лет,,6.0,245000.0,3.0,160000.0,ведущий разработчик js,Math.exp(x): Опыта разработки на указанных выше ЯП или любом диалекте SQL. Способности чувствовать «красоту кода». Навыков управления командой разработки. ,"Вопросы поиска, финансирования и размещения ваших сотрудников в современных удобных офисах мы берем на себя. Но от вас будем требовать...",0.8333333333333334,3,3,0,0,0,1,0,0,0,0,1,1,0,0,0,0,1,0,0,0,0,0,0,0,0,0,0,0,0,0,0
Новосибирск,Kama Flow,2019-12-10T23:40:56+0300," Международная компания-разработчик решений в сфере финансовых технологий и сервисов ищет специалистов. Обязанности: разработка и поддержка электронных кошельков, мобильных банков и других приложений, требующих соответствующий уровень надежности и безопасности.    Чем придется заниматься?      Участие в разработке веб сервисов, API и микросервисов   Разработка unit &amp; acceptance тестов   Проектирование баз данных   Оптимизация проектов под меняющиеся условия и нагрузки   Поиск простых решений для сложных задач      Требования:      Законченное высшее образование по IT специальности   Знание и понимание ООП   Знание и понимание паттернов и принципов проектирования   Отличное знание Node.js   Уверенное владение SQL и MySQL. Триггеры, хранимые процедуры, оптимизация запросов и т.д.   Вы уверенный пользователь Linux   Умение использовать Git, Docker, Composer, Webpack, Gulp   Знание английского на уровне чтения технической документации           Будет большим плюсом:      Опыт работы с Go или C++   Опыт работы с AngularJs, TypeScript, VueJs   Знание и понимание структур и алгоритмов   Наличие открытого репозитория с примерами вашего кода, на github, или любом другом ресурсе.   Опыт профилирования нагрузок и нагрузочного тестирования   Плотное знакомство с OWASP документацией   Опыт командной разработки. Agile, SCRUM, СI      Условия:      Стабильная заработная плата, полный день, пятидневная рабочая неделя   Scrum, Agile и CI   Комфортный офис со всеми удобствами в центре г. Новосибирска   Работа в международной команде   ",Полная занятость,Полный день,От 1 года до 3 лет,|Git|Node.js|Linux|AngularJS|MySQL|ООП|SQL,3.0,150000.0,1.0,80000.0,middle node.js разработчик,Законченное высшее образование по IT специальности. Знание и понимание ООП. Знание и понимание паттернов и принципов проектирования. Отличное знание Node.js. ,"Участие в разработке веб сервисов, API и микросервисов. Разработка unit &amp; acceptance тестов. Проектирование баз данных. Оптимизация проектов под меняющиеся условия...",0.1,1,2,0,0,0,1,0,0,0,1,0,1,0,0,0,0,0,1,0,0,0,1,1,0,0,1,0,0,1,0,1
Новосибирск,Softline,2019-11-20T09:55:09+0300," Команда  ActivePlatform    занимается разработкой уникального для Беларуси международного продукта, реализующего комплексную экосистему между потребителями, облачными сервис-провайдерами и разработчиками облачных услуг. ActivePlatform   приглашает в свою команду талантливых разработчиков JS. Мы ищем Middle Node.JS Developer, которому предстоит работать над собственными продуктами компании.    Какие задачи ожидают:      Написание витрины, коннекторов, панели партнера   Улучшение, оптимизация и поддержка существующих продуктов ActivePlatform   Доработка платформы под требования заказчиков     Что поможет успешно справляться с работой:     Уверенные знания JavaScript (es5/es6+), HTML5/CSS3   Опыт использования Node.js на коммерческих проектах   Знание и опыт работы с jQuery   Опыт использования Gulp/Grunt/Webpack   Опыт работы с Rest API     Знания и опыт работы с Git       Личные качества: активность, ответственность, нацеленность на результат, стремление к развитию.       Мы предлагаем:     Работу в стабильной международной IT-компании (25 лет на рынке!)   Официальное трудоустройство   Работу в команде профессионалов по созданию собственного высоконагруженного продукта   100% белую заработную плату, достойный уровень дохода   Хорошее рабочее место в современном офисе компании в центре города   Возможность обучения и сертификации за счет Компании   ",Полная занятость,Полный день,От 1 года до 3 лет,|JavaScript|Git|Node.js|jQuery|HTML5,3.0,164160.0,1.0,83820.0,разработчик js,"Уверенные знания JavaScript (es5/es6+), HTML5/CSS3. Опыт использования Node.js на коммерческих проектах. ","Написание витрины, коннекторов, панели партнера. Улучшение, оптимизация и поддержка существующих продуктов ActivePlatform. Доработка платформы под требования заказчиков.",0.7666666666666667,1,2,0,0,0,1,0,0,0,1,0,1,0,0,0,0,0,1,0,0,1,1,1,0,0,0,0,1,0,0,1
Новосибирск,Совкомбанк,2019-11-29T10:31:22+0300,"     Работа в  Совкомбанке  – это стабильная работа в целеустремленной и успешной команде. И именно наши сотрудники являются основой нашего успеха!    Совкомбанк  проявляет заботу о каждом из своих сотрудников – создает отличные места работы, благоприятные условия для самореализации.   Наша команда сосредоточена в Департаменте Банковских Технологий. Мы занимаемся разработкой web -сервисов и –приложений. Как внешних, так и внутренних. Мы развиваем одно из перспективных направлений в Банке – сеть почтоматов Халва. Мы создаём интеграционные сервисы, не только между банковскими системами, но и внешними. Мы постоянно растём и поэтому Банк доверяет нам новые бизнес направления. Одно из них –  система для управления вложениями в ценные бумаги . И чтобы сделать его максимально качественным и продуктивным нам нужен  Front-  end разработчик . Не простой, а золотой! Нам нужен специалист, который быстро вольётся в нашу команду.   Немного о команде, хотя я могу говорить о ней очень долго. Мы многофункциональны. Со мной работает 6 человек. 3 Back-end, 2 Front-end, 1 test-man. У нас правит дух единения. При этом мы готовы самостоятельно организовываться. Любим развиваться, узнавать и внедрять новое. Команда плотно работает со своими пользователями и получает обратную связь из первых рук. Мы дружны и преследуем одну цель. Мы любим стенд-апы и ретроспективы. Мы всегда готовы разбираться в проблемах/блокерах вместе. Мы за то, что бы довести функционал до конечного пользователя максимально быстро, не теряя ценности. Мы планируем только наращивать свои навыки и скорость доставки релизов.    Сфера ответственности:     Поддержка и развитие/доработка фронта для внутренних пользователей. Технологии:  Node.JS, AngularJS, ES5, HTML5/CCS3.     Обязанности:      Разработка веб-интерфейсов на основе js-библиотек и HTML5;   Ревью кода, анализ качества программного обеспечения и его соответствия установленным требованиям и спецификациям;   Обучение менее опытных разработчиков.          Требования:      Уверенное владение языком  JavaScript (ООП, Ajax, ES6) ;   Опыт работы с  Node.JS, AngularJS, TypeScript, webpack    от 2-х лет;   Навыки работы с пакетными менеджерами ( npm, webpack, bower или gulp );   Уверенные знания  HTML5, CSS3 ;   Опыт работы с  REST API ;   Опыт разработки пользовательских интерфейсов;   Знание английского языка на уровне чтения тех. документации;   Опыт кроссбраузерной верстки;   Опыт работы в команде;     Вот  5 причин , почему тебе к нам:      Получай неограниченный доход . У нас многие зарабатывают больше своего руководителя! Это нормально для нас и мы не планируем менять этот курс.    У нас белая зарплата и самый крутой на рынке соц. пакет . Нам важно, чтобы наши сотрудники думали о клиентах, а все остальное мы им предоставляем    Мы уважаем и ценим друг друга. Персональный наставник помогает новичку с первого дня работы   .   Мы знаем, как бывает сложно адаптироваться. Мы делаем так, чтоб этот процесс протекал максимально экологично.    Строй карьеру в крупнейшем частном банке и получай повышение каждые 6 месяцев . Мы гарантируем нашим сотрудникам развиваться профессионально и раскрыть свой потенциал на все 100%.    Реализуй себя сейчас и делай ежегодно минимум 1 личный проект . В ежегодном конкурсе Лиге достижений реализуются любые твои идеи без бесконечных согласований. Работа и творчество рука об руку - это про нас     Условия:       официальное трудоустройство, полный социальный пакет       стабильный доход и гибкую систему премирования     возможность профессионального и карьерного роста в рамках квартальных аттестаций     рабочее место – г. Новосибирск, ул. Демакова (Академгородок)       доставка служебным транспортом: от г. Новосибирска, г. Бердска, р.п. Кольцово до рабочего места и обратно     ",Полная занятость,Полный день,От 1 года до 3 лет,|JavaScript|AngularJS|Node.js|HTML5|CSS3|Ajax|CSS|TypeScript|ES6,3.0,164160.0,1.0,83820.0,middle js разработчик,"Уверенное владение языком JavaScript (ООП, Ajax, ES6). Опыт работы с Node.JS, AngularJS, TypeScript, webpack от 2-х лет. ","Разработка веб-интерфейсов на основе js-библиотек и HTML5. Ревью кода, анализ качества программного обеспечения и его соответствия установленным...",0.4666666666666667,1,2,0,0,0,1,0,0,0,1,0,1,0,0,0,0,0,1,0,0,1,1,0,1,1,1,0,1,0,0,1
Новосибирск,Roowix,2019-11-22T12:06:17+0300," Мы -  Roowix , и мы создаем команды, которые делают живые ИТ-продукты и решают реальные задачи пользователей. Мы готовы расти и развиваться. Нам нравится работать с крупными и долгосрочными проектами, поэтому мы ищем людей, с которыми будем вместе двигаться в одном направлении.   Один из таких продуктов Travel сервис по подбору и продаже Авиа и ЖД билетов, отелей, аренды авто. Сейчас мы ищем опытного fullstack разработчика для работы на этом проекте, который также сможет возглавить направление.    Обязанности:      разработка на Node.js ,   разработка SPA с использованием Angular JS и React (в данный момент переезжаем с AngularJS на React).      Требования:      опыт работы с реляционными базами данных (PostgreSQL),   опыт работы с NoSQL базами данных (MongoDB),   опыт работы с фреймворком express   опыт проектирования архитектуры REST API сервисов,   опыт работы с legacy-кодом,   будет плюсом опыт в разработке высоконагруженных систем.      Условия:      официальное трудоустройство,   график гибкий, по договоренности с командой,   зарплата по результатам собеседования,   бесплатные уроки английского в офисе,   У нас есть два комфортных оборудованных офиса в Академгородке (Технопарк) и в центре города (бц &quot;10 столиц&quot;). Вы можете выбрать для работы наиболее удобный.         Если у тебя возникли вопросы, свяжись с нами любым удобным способом, и мы ответим на все интересующие вопросы о нас и нашей работе. ",Полная занятость,Гибкий график,От 3 до 6 лет,|Git|JavaScript|JSON API|Web Application Development|NoSQL|React|AngularJS|Node.js,6.0,164160.0,3.0,100000.0,senior node.js разработчик,Опыт работы с реляционными базами данных (PostgreSQL). Опыт работы с NoSQL базами данных (MongoDB). Опыт работы с фреймворком express. ,Без обязанностей,0.7,1,2,0,0,0,1,0,0,0,0,1,1,0,0,0,0,1,0,0,0,1,1,1,0,0,1,0,0,0,0,1
Новосибирск,Кадровое агентство Алексея Сухорукова,2019-12-11T14:50:21+0300," Компания, создавшая один из крупнейших сервисов для совместной работы команд и управления проектами, ищет Node.JS-разработчика.   Работать предстоит в Карлсруэ — это город в долине Рейна, самом теплом и солнечном районе Германии. Здесь расположены лучшие университеты, включая старейший технический Karlsruher Institut für Technologie, основанный в 1825 году. Именно здесь Генрих Рудольф Герц открыл электромагнитные волны. Город и сегодня является научным центром — каждый пятый его житель занят в сфере исследований и разработки.    Ваши задачи:         Внедрение сложных веб-решений       Внедрение улучшений ПО       Поиск новых возможностей и решений для доработки продукта        Что от вас ждут:         Знание Node/Express.JS/JavaScript на уровне Middle+ и выше       Знание на уровне Senior SQL и баз данных (миграция, резервное копирование, постоянство)       Опыт работы с REST-интерфейсами       Знакомство с frontend-разработкой (Angular)        Обязательно потребуются:        Английский язык С1 и выше       Профильное высшее образование        Компания предоставит:         Заработную плату до 5800 евро (гросс)       Помощь с релокацией (виза, страховка)       Динамичную креативную команду       Работу в быстрорастущем проекте     ",Полная занятость,Полный день,От 3 до 6 лет,|JavaScript|Node.js|AngularJS,6.0,5800.0,3.0,4100.0,node.js разработчик,"Знание Node/Express.JS/JavaScript на уровне Middle+ и выше. Знание на уровне Senior SQL и баз данных (миграция, резервное копирование...",Внедрение сложных веб-решений. Внедрение улучшений ПО. Поиск новых возможностей и решений для доработки продукта.,0.06666666666666667,0,0,0,0,0,1,0,0,0,0,1,1,0,0,0,0,0,1,0,0,1,1,0,0,0,1,0,0,0,0,1
Новосибирск,Тензор,2019-12-10T16:26:58+0300," Систему СБИС придумали, создали и постоянно совершенствуют более 1500 разработчиков в 11 филиалах по стране. У нас есть фанаты дата-майнинга, эксперты в разработке кроссплатформенных приложений и высоконагруженных систем, разработчики мобильных, настольных и веб-приложений, специалисты по обработке, анализу и хранению больших массивов данных.   Мы ищем JavaScript разработчиков, способных реализовывать от идеи до “продакшна” крупные проекты по:     Разработке продукта для управления, учета и отображения сотрудников (а также прочих физических лиц) на онлайн-портале, в оффлайн приложениях;   Разработке продукта &quot;Мобильные сотрудники&quot; для автоматизации процессов управления выездными сотрудниками;   Разработке продукта &quot;Presto&quot; для автоматизации ресторанов, кафе и столовых;   Разработке визуальных компонентов для регистрации движений маркируемых товаров в гос.системах.     Присоединившись к нашей команде, у вас будет возможность усовершенствовать систему СБИС. Результатом вашей работы будут пользоваться более 1,5 миллиона людей – на компьютерах, планшетах и смартфонах.   Мы не работаем под заказ, мы создаем тиражные продукты. Используемый стек технологий: C++, Python, PostgreSQL, Javascript, NodeJS, Redis, ElasticSearch, Clickhouse. Вам не нужно знать буквально все наши технологии. Нужна светлая голова и страстное желание работать. Делать лучший продукт в России    Мы ждем от Вас:      владение JavaScript;   понимание принципов ООП в JavaScript;   понимание принципов верстки, адаптивности;   знакомство с системой контроля версий (такие как GIT, SVN);   представление о принципах работы web-сайтов: от запроса к серверу до отрендеренной в браузере страницы.      Вам предстоит:      Разрабатывать front-end для различных сервисов компании.      Мы предлагаем:      официальное трудоустройство по ТК РФ;   оклад в зависимости от квалификации и уровня ответственности   премии по результатам работы от 5 до 20%;   интересные проекты;   хороший, дружный коллектив;   курсы английского языка и компенсацию занятий спортом;   комфортный офис в центре города.           ",Полная занятость,Гибкий график,От 1 года до 3 лет,,3.0,120000.0,1.0,75000.0,разработчик js,"Владение JavaScript. Понимание принципов ООП в JavaScript. Понимание принципов верстки, адаптивности. Знакомство с системой контроля версий (такие как GIT, SVN). ","Разработке продукта для управления, учета и отображения сотрудников (а также прочих физических лиц) на онлайн-портале, в оффлайн приложениях. ",0.1,1,1,0,0,0,1,0,0,0,1,0,1,0,0,0,0,1,0,0,0,0,0,0,0,0,0,0,0,0,0,0
Казань,AYA Group,2019-11-18T12:18:16+0300," Необходимо:   - Уверенное владение JavaScript + ES6 (classes) в рамках Node.js, понимание V8 runtime   - Работа с Express   - Базы данных MySQL/PostgreSQL (преимущественно MySQL)   - Понимание REST, WebSocket       Желательно   - Базовое владение AMQP (RabbitMQ/AmazonMQ), Docker   - Работа в Atlassian Stack (Bitbucket, JIRA), Jenkins   - Опыт с работы с микросервисами   - Юнит и интеграционные тесты (Jest или Mocha + Chai)       Плюсом будет   - Навык работы с TypeScript   - Разработка на клиентской части (JS / React)   Условия:   • График 5/2 с 11.00-17.00   • Каждый сотрудник имеет возможность карьерного роста.   • Оплата обеда.   • Бесплатная парковка.   • Для наших сотрудников предусмотрена возможность профессионального обучения, поездок на зарубежные конференции, а также спортивные мероприятия и изучение иностранных языков.   • Место работы располагается в уютном офисном центре: Сфера - Гаврилова   • Также рассматриваем возможность гибкого графика, удаленного сотрудничества.   Если Тебя заинтересовала данная вакансия, напиши, пожалуйста на почту и мы свяжемся с Тобой для уточнения деталей. ",Полная занятость,Полный день,Нет опыта,|Node.js|Atlassian Jira|Работа с базами данных|Первичные документы|Планирование карьеры,,100000.0,,70000.0,node.js специалист,"Уверенное владение JavaScript + ES6 (classes) в рамках Node.js, понимание V8 runtime. - Базы данных MySQL/PostgreSQL (преимущественно MySQL). - ",Необходимо: - Работа с Express. - Разработка на клиентской части (JS / React).,0.8333333333333334,1,1,0,1,0,0,0,0,1,0,0,1,0,0,0,0,0,1,0,0,0,1,0,0,0,0,0,0,0,0,1
Казань,Бизапс,2019-11-21T13:36:17+0300,"  Required/preferred skillset:      C#, .Net Framework 4.0+   Debugging / Troubleshooting / WCF tracing   Application performance, Enterprise Level Applications, LINQ, T-SQL, SQL Server 2008+   Window Services, Batch processing, XML – Configuration   ASP.NET, MVC and WebAPI, AJAX, RESTful Web Services   Object oriented design and MVC patterns   JavaScript framework and libraries such as AngularJS, JQuery along with Bootstrap, HTML5, CSS, Type Script, JSON, XML, AngularJS 2.0   Team Foundation Server and Visual Studio 2015, WPF/XAML applications, ADO.Net      Company offers:      Full-time job   Flexible hours arrangements   International team (US Client)   Remote possibility job   Competitive compensation level   Benefit package (sport, vacations, etc)   Possibilities for busines trips to US   ",Полная занятость,Гибкий график,От 3 до 6 лет,|Английский язык|AngularJS|ASP.NET|.NET Framework|C#|CSS|HTML5,6.0,214333.3333333333,3.0,120000.0,angularjs разработчик,"C#, .Net Framework 4.0+. Debugging / Troubleshooting / WCF tracing. Application performance, Enterprise Level Applications, LINQ, T-SQL, SQL Server...",Required/preferred skillset:,0.7333333333333333,2,3,0,1,0,0,0,0,0,0,1,1,0,0,0,0,1,0,0,0,0,0,0,1,0,1,0,1,0,0,1
Казань,DriverPack Solution,2019-12-02T13:12:03+0300," Привет! Меня зовут Артур Кузяков. Я фаундер компании DriverPack — это самое знаменитое приложение для настройки компьютеров в один клик. 60млн+ юзеров, используют DriverPack.   Но… драйверы это скучно... Поэтому сегодня я собираю команду под новый, уникальный продукт для европейского рынка. Расскажу подробнее, когда придешь на собеседование! :-)    Кого ищу?  Fullstack разработчиков на NodeJS, React, Vue.    Почему работать в   DriverPack  —  круто:      У нас полно классных задач, выполняя которые ты будешь расти, они тебя будут челенджить постоянно.   У нас не получится «кодить ради кода», придётся постоянно думать головой, что реально ты делаешь и зачем.   Мы всё время думаем, как &quot;хакнуть систему&quot;, чтобы достичь того же результата, но сильно быстрее?   У нас принято, чтобы разработчики влияли на то, в какую сторону будет развиваться продукт. А для этого поэтому, например, у нас все разработчики шарят в продуктовых метриках, маркетинге, аналитике и всяких таких штуках. Мы и тебя научим.      1. Наши разработчики влияют на наш продукт.    Каждой задаче мы задаем вопросы:     Понимаю ли я зачем мы делаем задачу?   Согласен ли я что нужно ее делать?   Есть ли другие решения задачи?     Не делаем, если сомневаемся. Делаем только самое важное. Выкидываем «улучшательства», если их сложно делать.    2. Задачи описаны четко и понятно.    Устал от однострочных описаний “сделай по макету”? В DriverPack такого нет.   Каждая задача описывает проблему. После этого:     Обсуждаем командой программистов и вырабатываем решение и оценку.   Задача не попадает в разработку, пока не понятно как ее делать.      3. Мы на острие технологий:      Наш стек: Node.JS, React, Babel, Vue, Redux, Gulp, Koa.js, NW.js, ElectronJS, Webpack, ES6   Базы данных: MongoDB, SQLite, PostgreSQL, MySQL, Redis, Memcached   Серверные технологии: Docker, Ansible, Kuberhetes, HAProxy, Zabbix, Sentry, Jenkins, nagios, CDN, Nginx, Apache   WebTorrent для уменьшения нагрузки на CDN и повышения отказаустоичивости   Продуктовые методологии и подходы: AARRR, ARPU, ARPPU, Retention, LTV, CPA, StoryMapping, DesignThinking, HADI, JTBD, User Stories, CJM (Customer Journey Map)   Можно перечислить ещё много разных штук, которые показывают, что мы крутые… но думаю, что этого пока хватит :-)      4. Мы за простые решения:      Упрощать здорово.   Усложняй, только если это оправданно.   Используй сторонние решения. Не пиши велосипеды.   Не делай лишнего. Сделай простой работающий скелет. Сделай его хорошо.      Почему, работа в DriverPack, тебе может не подойти:      Если ты часто употребляешь фразы «Это нереализуемо» или «Это невозможно».   Не бросаемся использовать новые хайповые технологии. Потому что для нас программирование это всего лишь один из инструментов, при помощи которого мы создаём самые лучшие продукты.   Ты не переносишь Legacy код. Проекту, всё таки, 10 лет ;) Есть legacy части, которые нет смысла и желания переписывать.   Ты перфекционист и делаешь идеальные решения долго и упорно.      Что дальше:      Откликайся на вакансию в HH   Заполни тестовое задание   Если ок, то пообщаемся лично.       ",Полная занятость,Полный день,Более 6 лет,,,300000.0,6.0,116666.66666666669,senior nodejs разработчик москва,"Не делай лишнего. Сделай простой работающий скелет. Сделай его хорошо. Ты не переносишь Legacy код. Проекту, всё таки, 10 лет...",Каждая задача описывает проблему. После этого: Обсуждаем командой программистов и вырабатываем решение и оценку. WebTorrent для уменьшения нагрузки на CDN...,0.36666666666666664,2,4,0,1,0,0,0,1,0,0,0,1,0,0,0,0,0,1,0,0,0,0,0,0,0,0,0,0,0,0,0
Казань,Тензор,2019-11-25T09:13:07+0300," Тензор – крупная российская IT-компания. Наш основной продукт – СБИС – сеть деловых коммуникаций. СБИС объединяет людей и компании, системы управления и учета, бизнес-процессы и документы в одной системе. Если вам интересно познакомиться с большими распределенными системами, с мобильной разработкой или поковырять API социальных сетей, научиться работать с большими объемами данных в миллионы записей, чтобы ваше творчество ежедневно использовало в работе миллион пользователей, то мы готовы все это предложить.    Мы ждем от Вас:      Отличные знания javascript, опыт работы с фрэймворками;   Опыт коммерческой разработки;   Умение читать чужой код;   Желание и умение писать красивый, структурированный, системный код;   Опыт и желание руководить группой;   Готовность экспериментировать и изучать новое      Наши условия:      Заработная плата в зависимости от квалификации и уровня ответственности;   Оформление по ТК РФ;   ДМС после года работы в компании;   Курсы английского языка;   Премии от 5 до 20% по итогам работы за месяц;   Приятные внеофисные плюшки: корпоративные мероприятия и праздники, спорт-клуб.   ",Полная занятость,Полный день,От 3 до 6 лет,|JavaScript|jQuery|CSS|HTML5|PostgreSQL,6.0,243000.0,3.0,160000.0,ведущий разработчик js,"Отличные знания javascript, опыт работы с фрэймворками. Опыт коммерческой разработки. Умение читать чужой код. Желание и умение писать красивый, структурированный...",Без обязанностей,0.6,3,3,0,1,0,0,0,0,0,0,1,1,0,0,0,0,0,1,0,0,1,0,0,1,0,0,1,1,0,0,1
Казань,Mercury Development,2019-12-11T14:28:34+0300,"  В компании Mercury Development открывается вакансия Node.JS разработчика.     Мы специализируемся на мобильной разработке для крупных зарубежных стартапов; над десятками интересных проектов у нас трудятся более 250 специалистов высочайшей квалификации. Нашими приложениями пользуются 40 млн человек по всему миру! Наши разработки неоднократно попадали в Top AppStore и упоминались в TechCrunch, Engadget, Gizmodo. Наши офисы продаж расположены в Нью-Йорке, Майами, Атланте, а центры разработки в Самаре, Тольятти, Саратове и Казани.   Приходи и создавай будущее вместе с нами!   Обязательные требования:     Опыт Backend разработки   Знание и понимание ООП   Typescript   Фреймворк: Koa, Express   ORM: Sequelize, TypeORM   Опыт работы с БД Postgres, MySQL   Опыт работы с NoSQL базами данных (MongoDB, Redis)     Дополнительным плюсом будет:     Опыт работы с клаудными сервисами (AWS, Azure)   Опыт разработки на Ruby on Rails, PHP   Опыт во фронтенд-разработке (ReactJS)   Английский язык      Наши условия:      Заработная плата, адекватная знаниям и опыту   Социальный пакет и ДМС   Оформление по ТК РФ      У нас хорошо:      Дружелюбные, опытные коллеги и заботливое начальство   Уютный, просторный офис в центре города, удобная транспортная развязка   Субсидирование профильных курсов и английского языка   Гибкий график, главный принцип – работать с душой и пользой 40 часов в неделю) #mercdev     НЕ РАССМАТРИВАЕМ КАНДИДАТОВ, ЖЕЛАЮЩИХ РАБОТАТЬ НА УДАЛЕННОЙ ОСНОВЕ     ",Полная занятость,Гибкий график,От 1 года до 3 лет,,3.0,214333.3333333333,1.0,116666.66666666669,node.js разработчик,"Опыт Backend разработки. Знание и понимание ООП. Опыт работы с БД Postgres, MySQL. Опыт работы с NoSQL базами данных (MongoDB...",Без обязанностей,0.06666666666666667,2,3,0,1,0,0,0,0,0,1,0,1,0,0,0,0,1,0,0,0,0,0,0,0,0,0,0,0,0,0,0
