city,company-name,date,description,employment-form,employment-schedule,experience,key_skills,max-experience,max-salary,min-experience,min-salary,name,requirements,responsibilities,days_from_publish,min-salary-group,max-salary-group,city: Екатеринбург,city: Казань,city: Москва,city: Новосибирск,city: Санкт-Петербург,experience: Более 6 лет,experience: Нет опыта,experience: От 1 года до 3 лет,experience: От 3 до 6 лет,employment-form: Полная занятость,employment-form: Проектная работа,employment-form: Стажировка,employment-form: Частичная занятость,employment-schedule: Вахтовый метод,employment-schedule: Гибкий график,employment-schedule: Полный день,employment-schedule: Сменный график,employment-schedule: Удаленная работа,монтаж оборудования,монтаж инженерных систем,настройка сетевых подключений,системы видеонаблюдения,электрические системы и слаботочные системы,прокладка кабелей,пользователь пк,производство строительно-монтажных работ,слаботочные системы,работа в команде,other
Москва,Домофон-Сервис,2019-11-18T09:23:53+0300,"  Обязанности:    - Прокладка СКС, установка видеодомофонов, домофонов, протяжка стояков, монтаж домофонов и видеонаблюдения, подключение оборудования к электросети.    Требования:      Опыт прокладки СКС, навыки настройки сетевого оборудования (уровня бытового роутера), базовые навыки электрика.      Условия:      Официальное оформление по ТК РФ, отпуск и больничный лист оплачиваемые.   Режим работы с 09.00. до 18.00. (5/2)   Зарплата &quot;белая&quot; (оклад 46000руб) два раза в месяц на банковскую карту   Оплачиваемый проезд     Возможно обучение ",Полная занятость,Полный день,От 1 года до 3 лет,|Электрические системы и слаботочные системы|слаботочные системы|домофония,3.0,50000.0,1.0,46000.0,монтажник слаботочных систем,"Опыт прокладки СКС, навыки настройки сетевого оборудования (уровня бытового роутера), базовые навыки электрика.","Прокладка СКС, установка видеодомофонов, домофонов, протяжка стояков, монтаж домофонов и видеонаблюдения, подключение оборудования к электросети.",0.8333333333333334,0,0,0,0,1,0,0,0,0,1,0,1,0,0,0,0,0,1,0,0,0,0,0,0,1,0,0,0,1,0,1
Москва,АВИТЕКС,2019-11-18T20:48:31+0300," МОНТАЖНИК ОБОРУДОВАНИЯ СОТОВОЙ СВЯЗИ   Приглашаем сотрудников для модернизации и строительства базовых станций ТЕЛЕ 2 / БИЛАЙН / HUAWEI   Требования: - стройка БС в соответствии с нормами строительства и стандартам оператора. - получение / возврат оборудования через склад. - опыт в сфере строительства БС приветствуется. - исполнительность, ответственность, организованность, умение работать в команде. - желание расти и развиваться как специалист.   Условия: - разъездной характер работы. - ЕЖЕДНЕВНАЯ ОПЛАТА РАБОТЫ. - возможность обучения в процессе работы. - иногородним предоставляется общежитие. - возможна компенсация ГСМ.     ",Полная занятость,Полный день,От 1 года до 3 лет,|Работа в команде|Пользователь ПК,3.0,120000.0,1.0,100000.0,монтажник базовых станций,"опыт в сфере строительства БС приветствуется. - исполнительность, ответственность, организованность, умение работать в команде. - желание расти и развиваться как специалист.",стройка БС в соответствии с нормами строительства и стандартам оператора. - получение / возврат оборудования через склад.,0.8333333333333334,1,1,0,0,1,0,0,0,0,1,0,1,0,0,0,0,0,1,0,0,0,0,0,0,0,0,1,0,0,1,1
Москва,ДИГИС,2019-12-04T12:12:09+0300, Обязанности:     прокладка кабельных линий внутри зданий   монтаж лотков   монтаж патч-панелей   монтаж разъемов RJ-45   сборка телекоммуникационных шкафов   тестирование кабельных линий     Требования:     знание и навыки по монтажу СКС   знание норм и правил монтажа СКС   умение читать схемы   умение составлять кабельные журналы   навыки в работе с кабельными тестерами Fluke     Условия:     полный рабочий день   трудоустройство по ТК   ,Полная занятость,Полный день,Нет опыта,|монтаж СКС,,85000.0,,50000.0,монтажник слаботочных систем,Знание и навыки по монтажу СКС. Знание норм и правил монтажа СКС. Умение читать схемы. Умение составлять кабельные журналы. ,Прокладка кабельных линий внутри зданий. Монтаж лотков. Монтаж патч-панелей. Монтаж разъемов RJ-45. Сборка телекоммуникационных шкафов. Тестирование кабельных линий.,0.3,0,1,0,0,1,0,0,0,1,0,0,1,0,0,0,0,0,1,0,0,0,0,0,0,0,0,0,0,0,0,1
Москва,JCat.ru,2019-12-09T12:22:48+0300," Вакансия компании : «Прайдекс Групп»   PRIDEX - профессиональная строительная компания, осуществляющая полный цикл услуг по проектированию, строительству и инженерному оснащению объектов коммерческой недвижимости, занимающая лидирующие позиции на российском рынке FIT-OUT.   Обязанности :  Монтаж систем видеонаблюдения, охранной, пожарной сигнализации, контроля доступа и др.   Требования к квалификации :  Опыт работы по системам ОПС, СКУД, Видеонаблюдения, приветствуется опыт работы с системой Болид. Умение работать с инструментами, чтение монтажных схем. Так же рассматриваются кандидаты с минимальным опытом работы.   Образование : среднее специальное   Условия работы :  -Стабильная работа в крупной строительной компании -Оформление по ТК РФ с первого дня трудоустройства -Предоставляем спец.одежду и инструмент от компании -Возможности профессионального роста и стабильный доход гарантированы   Спецодежда : да",Полная занятость,Полный день,От 1 года до 3 лет,,3.0,75000.0,1.0,65000.0,монтажник слаботочных систем,"Опыт работы по системам ОПС, СКУД, Видеонаблюдения, приветствуется опыт работы с системой Болид. Умение работать с инструментами, чтение монтажных схем. ","Монтаж систем видеонаблюдения, охранной, пожарной сигнализации, контроля доступа и др.",0.13333333333333333,1,1,0,0,1,0,0,0,0,1,0,1,0,0,0,0,0,1,0,0,0,0,0,0,0,0,0,0,0,0,0
Москва,Информационное агентство России ТАСС,2019-12-11T12:58:06+0300," Уважаемые соискатели, в случае заинтересованности в нашей вакансии, укажите ваши зарплатные ожидания в сопроводительном письме при отклике.    Обязанности:      Подключение и обслуживание:     - структурированной кабельной сети;   - телевизионной сети (сети телерадиовещания);   - обслуживание беспроводной сети передачи данных;   - сети телефонии;   - волоконно-оптических линий связи;     Обеспечение переездов и перемещений вычислительной техники пользователей с сохранением полной функциональности и работоспособности;      Требования:      Умение работать с оргтехникой, знание компьютерного и коммуникационного оборудования, основных принципов построения корпоративных локально-вычислительных сетей;   Знание принципов построения и работы слаботочных систем;   Опыт работы по монтажу кабелей СКС, ТВ сети;   Опыт работы с оптическими кабелями и патч-кордами;   Владение электроинструментом;   Навыки выполнения слесарных, столярных, монтажных работ;   Умение разбираться в технической документации;      Условия:       стабильность  - полное соблюдение ТК РФ, пятидневная рабочая неделя;    отличная команда  – профессионалы, увлеченные свои делом;    удобное местоположение  – офис находится в самом центре Москвы, в шаговой доступности от метро (Пушкинская, Арбатская, Чеховская, Тверская) и с видом на Кремль;    профессиональное развитие  – у нас проходят регулярные семинары и тренинги, а также мы даем возможность изучать иностранные языки за счет компании;    комфорт  – в офисе есть кафе и столовая; в шаговой доступности множество заведений на любой вкус.   ",Полная занятость,Полный день,От 3 до 6 лет,|Настройка сетевых подключений|Прокладка кабелей|Монтаж оборудования,6.0,76666.66666666669,3.0,58714.285714285725,монтажник слаботочных систем,"Умение работать с оргтехникой, знание компьютерного и коммуникационного оборудования, основных принципов построения корпоративных локально-вычислительных сетей. Знание принципов построения и...",Подключение и обслуживание: Обеспечение переездов и перемещений вычислительной техники пользователей с сохранением полной функциональности и работоспособности.,0.06666666666666667,1,1,0,0,1,0,0,0,0,0,1,1,0,0,0,0,0,1,0,0,1,0,1,0,0,1,0,0,0,0,1
Москва,Группа компаний «Тауэр»,2019-11-26T16:20:00+0300,  Обязанности:      Монтаж систем ОПС и СКС.      Требования:      Навыки монтажа оборудования и прокладки кабельных систем;   Опыт монтажных работ от года.      Условия:      Оформление по ТК РФ на условиях СРОЧНОГО трудового договора с первого рабочего дня;   &quot;Белая&quot; заработная плата;   Окладная система оплаты труда;   График работы: понедельник-пятница с 9.00 до 18.00;   Дружный коллектив компании с 25-летней историей;   Работа на объектах в пределах административных границ Москвы.   ,Полная занятость,Полный день,От 1 года до 3 лет,,3.0,50000.0,1.0,45000.0,монтажник слаботочных систем,Навыки монтажа оборудования и прокладки кабельных систем. Опыт монтажных работ от года.,Монтаж систем ОПС и СКС.,0.5666666666666667,0,0,0,0,1,0,0,0,0,1,0,1,0,0,0,0,0,1,0,0,0,0,0,0,0,0,0,0,0,0,0
Москва,Сложные задачи,2019-12-09T10:33:56+0300,"  Обязанности:     Монтаж систем пожарной сигнализации и голосового оповещения. Монтаж систем СКС, контроля доступа, видеонаблюдения. Прокладка слаботочных и электрических кабелей по стандартам, принятым в отрасли. Работа с ручным электроинструментом, измерительными приборами.    Требования:   Профильное образование. Опыт в монтаже, настройке, пусконаладочных работах и тестирование указанных систем. Умение читать и понимать рабочую документацию по указанным системам. Личные качества: ответственность, аккуратность, самостоятельность, организованность, коммуникабельность.   Условия:   - Оформление по ТК (с первого дня) - Пятидневная рабочая неделя - (сб вс выходные) - Офис в пешей доступности от м. Авиамоторная и МЦК Андроновка - Дружный коллектив - Заработная плата 50 000 руб на испытательном сроке, далее от 60 000 руб.(Без задержек) ",Полная занятость,Полный день,От 1 года до 3 лет,|Монтаж оборудования|Производство строительно-монтажных работ|Монтаж инженерных систем|Электрические системы и слаботочные системы|Производство пусконаладочных работ|Системы видеонаблюдения|слаботочные системы|Чтение чертежей,3.0,76666.66666666669,1.0,50000.0,монтажник слаботочных систем,"Профильное образование. Опыт в монтаже, настройке, пусконаладочных работах и тестирование указанных систем. Умение читать и понимать рабочую документацию по указанным...","Монтаж систем пожарной сигнализации и голосового оповещения. Монтаж систем СКС, контроля доступа, видеонаблюдения. Прокладка слаботочных и электрических кабелей по стандартам...",0.13333333333333333,0,1,0,0,1,0,0,0,0,1,0,1,0,0,0,0,0,1,0,0,1,1,0,1,1,0,0,1,1,0,1
Москва,Тералайн Телеком Связь,2019-11-26T14:27:52+0300,"  Обязанности:      прокладка кабеля внутри зданий: UTP и кабеля питания 220В;   монтаж коробов и лотков;   телекоммуникационных шкафов, монтаж оборудования;   монтаж кабельных оконечных кроссов, патчпанелей, розеток;   прокладка оптоволоконных &quot;воздушек&quot; ;   монтажные работы на чердачных помещениях и крышах.          Требования:      опыт работы от 1 года;   понимание основ построения сетей связи, знание организации и обслуживания локальных сетей и телефонных сетей;   опыт монтажа телекоммуникационного оборудования, кабельных линий (как на чердачных помещениях, так и непосредственно на крышах зданий);   опыт работы с измерительными приборами : Lan-тестер.   знание техники безопасности;   навыки электромонтажа 220В - подключение к фазе, монтаж розеток;              Условия:      испытательный срок 1 месяц;   оформление по ТК РФ;   рабочий день 5-2 с 9-00 до 18-00 (максимально до 19-00, если необходимо завершить работу на объекте);   оклад 55 000 рублей &quot;на руки&quot; + бонусы за интенсивность.   оплата моб. связи;   работа в паре с другим монтажником на время стажировки.   ",Полная занятость,Полный день,От 1 года до 3 лет,|Монтаж оборудования|Прокладка кабелей|Электромонтажные работы,3.0,80000.0,1.0,55000.0,монтажник,"Опыт работы от 1 года. Понимание основ построения сетей связи, знание организации и обслуживания локальных сетей и телефонных сетей. ","Прокладка кабеля внутри зданий: UTP и кабеля питания 220В. Монтаж коробов и лотков. Телекоммуникационных шкафов, монтаж оборудования. ",0.5666666666666667,1,1,0,0,1,0,0,0,0,1,0,1,0,0,0,0,0,1,0,0,1,0,0,0,0,1,0,0,0,0,1
Санкт-Петербург,СтройМонолитСервис,2019-11-20T11:14:53+0300,"  Обязанности:      Прокладка слаботочных, оптических кабелей;   Монтаж видеонаблюдения;   Составление кабельного журнала;   Монтаж оборудования в стойку;   Расшивка пользовательских розеток и патч-панелей;   Маркировка;   Подключение оборудования      Требования:      Опыт работы в сфере монтажа СКС от 6 месяцев;   Навыки работы с ручным и электроинструментом;   Пунктуальность, аккуратность, ответственность;   Знание и соблюдение техники безопасности.      Условия:      Пятидневка с 9-00 до 18-00 (суббота, воскресенье - выходные);   Трудоустройство по ТК РФ, оплата ежегодных отпусков, больничных листов;     Работа на строительных объектах в районах пгт Красный бор и д.Лемболово;         ",Полная занятость,Полный день,От 1 года до 3 лет,|Прокладка кабелей|Работа с оргтехникой|Навыки составления отчетности|Творческое мышление,3.0,62142.857142857145,1.0,45000.0,монтажник скс сот,"Опыт работы в сфере монтажа СКС от 6 месяцев. Навыки работы с ручным и электроинструментом. Пунктуальность, аккуратность, ответственность. ","Прокладка слаботочных, оптических кабелей. Монтаж видеонаблюдения. Составление кабельного журнала. Монтаж оборудования в стойку. Расшивка пользовательских розеток и патч-панелей. Маркировка. ",0.7666666666666667,0,0,0,0,0,0,1,0,0,1,0,1,0,0,0,0,0,1,0,0,0,0,0,0,0,1,0,0,0,0,1
Санкт-Петербург,AN-SECURITY,2019-11-25T10:44:28+0300,"  Обязанности:    Монтаж оборудования систем видеонаблюдения, контроля доступа, охранной и пожарной сигнализации ;   Монтаж кабельных линий слаботочных и электрических сетей ;   Неукоснительное соблюдение норм охраны труда на действующих объектах компании, прохождение всех установленных видов инструктажа на объекте ;   Работа с монтажными электрическими схемам, проектной и рабочей документацией ;   Бережное отношение к имуществу компании, принятие мер к недопущению его уничтожения или поломки.        Требования:    Удостоверения электрика до 1000В, удостоверение на высотные работы, удостоверение рабочего люльки (при необходимости помогаем получить);   Умение работать с электроинструментом: перфоратор, шуроповерт, болгарка ;   Опыт работы по данному профилю от 1 года ;        Условия:    Рабочее место : СПб., 10-я Советская ул.;   График работы сменный ( выходные плавающие ) ;   Оформление по ТК РФ с первого дня ;   Выплаты производятся 3 раза в месяц,на карту.Оклад + % от закрытых объектов ;   Предоставление корпоративной сим-карты .     ",Полная занятость,Полный день,От 1 года до 3 лет,|Электрические системы и слаботочные системы|Монтаж инженерных систем|Проектная документация|Монтаж оборудования,3.0,62142.857142857145,1.0,60000.0,монтажник технических средств охраны,"Умение работать с электроинструментом: перфоратор, шуроповерт, болгарка . Опыт работы по данному профилю от 1 года .","Монтаж оборудования систем видеонаблюдения, контроля доступа, охранной и пожарной сигнализации . Монтаж кабельных линий слаботочных и электрических сетей . Неукоснительное соблюдение норм...",0.6,1,0,0,0,0,0,1,0,0,1,0,1,0,0,0,0,0,1,0,0,1,1,0,0,1,0,0,0,1,0,1
Санкт-Петербург,Е-март,2019-12-02T20:40:59+0300," Обязанности:     Работы по монтажу слаботочных сетей и подключение оборудования   Системы Видеонаблюдения, СКУД, домофоны, автоматика ворот и шлагбаумы     Требования:     Знание систем Видеонаблюдения, СКУД, Автоматики   Высшее или среднее профессиональное образование     Условия:     Постоянная работа   Оклад + Бонусы   Социальный пакет   Оформление в штат после прохождения испытательного срока   Компенсация затрат на связь проезд   ",Полная занятость,Полный день,От 1 года до 3 лет,|Монтаж оборудования|Производство строительно-монтажных работ|Системы видеонаблюдения|Контроль доступа|Системы охранно-тревожной сигнализации,3.0,62142.857142857145,1.0,45000.0,монтажник слаботочных систем,"Знание систем Видеонаблюдения, СКУД, Автоматики. Высшее или среднее профессиональное образование.","Работы по монтажу слаботочных сетей и подключение оборудования. Системы Видеонаблюдения, СКУД, домофоны, автоматика ворот и шлагбаумы.",0.36666666666666664,0,0,0,0,0,0,1,0,0,1,0,1,0,0,0,0,0,1,0,0,1,0,0,1,0,0,0,1,0,0,1
Санкт-Петербург,Точка Безопасности,2019-12-11T10:34:29+0300,"  Обязанности :     Производство электромонтажных работ по установке слаботочных систем: АПС, ОС, СКУД, СВН, СКС.      Требования :     Опыт ведения линейного монтажа кабельных линий,   Понимание основных норм, правил и требований при прокладке слаботочных систем и электрики.   Добросовестное отношение к работе и своим обязанностям и коллегам.   Работа в соответствии с должностной инструкцией.      Условия :     Возможен гибкий график, работа по совместительству, сдельная оплата труда.   Работа на объектах в пределах СПб, отсутствие командировок.   Оплата 2 раза в месяц (аванс, зарплата)   Испытательный срок 1 месяц (без сокращения з/п).   Трудоустройство по ТК, 5/2, 9:00-18:00.   Компенсация ГСМ   В случае производственной необходимости предоставляется служебный а/м.           ",Полная занятость,Полный день,От 1 года до 3 лет,|Производство строительно-монтажных работ|Монтаж оборудования|Пожарная сигнализация|Системы видеонаблюдения|Системы охранно-тревожной сигнализации|Локальные сети|Контроль доступа|Электромонтажные работы,3.0,65000.0,1.0,50000.0,монтажник слаботочных систем,"Опыт ведения линейного монтажа кабельных линий. Понимание основных норм, правил и требований при прокладке слаботочных систем и электрики. ","Производство электромонтажных работ по установке слаботочных систем: АПС, ОС, СКУД, СВН, СКС.",0.06666666666666667,0,0,0,0,0,0,1,0,0,1,0,1,0,0,0,0,0,1,0,0,1,0,0,1,0,0,0,1,0,0,1
Санкт-Петербург,ЕТелеком,2019-12-04T16:24:54+0300,"  Обязанности:      Осуществление строительства слаботочных сетей;   Заполнение актов выполненных работ, договоров и бланков;   Составление отчетности.      Требования:      Опыт работы монтажником ВОЛС/слаботочных систем или электриком будет являться Вашим преимуществом;   Обязательны навыки работы с электроинструментами;   Готовность к большому объёму работы;      Условия:      Ненормированный рабочий день;   Уровень дохода от 60 000 рублей («на руки»), состоит из оклада и сдельной части по результатам выполненных работ за месяц;   Заработная плата выплачивается вовремя и без задержек;   Оплачиваемая мобильная связь;   Официальное трудоустройство согласно ТК РФ;   Предоставление спецодежды и инструментов;   Работа в сильной, развивающейся Компании с прекрасным коллективом профессионалов;   Корпоративные мероприятия - Новый Год,Team building, детские праздники;   Удобное месторасположение (мы находимся в пешей доступности от ст.м. Озерки).       ",Полная занятость,Полный день,Нет опыта,|Монтаж оборудования|Настройка сетевых подключений|Монтаж инженерных систем|Техническое обслуживание|Системы видеонаблюдения|Windows 7|Пользователь ПК|слаботочные системы|Работа в команде|Монтажник ВОЛС|Монтаж слаботочных систем|Кабельщик|Монтажник-слаботочник|Электрические системы и слаботочные системы,,62142.857142857145,,60000.0,монтажник связи линейщик,Опыт работы монтажником ВОЛС/слаботочных систем или электриком будет являться Вашим преимуществом. Обязательны навыки работы с электроинструментами. Готовность к большому...,"Осуществление строительства слаботочных сетей. Заполнение актов выполненных работ, договоров и бланков. Составление отчетности.",0.3,1,0,0,0,0,0,1,0,1,0,0,1,0,0,0,0,0,1,0,0,1,1,1,1,1,0,1,0,1,1,1
Санкт-Петербург,Ленмонтаж,2019-12-03T11:56:10+0300," Строительному холдингу &quot;ООО Ленмонтаж&quot; на строительный объект &quot;ОРЛЕНОК&quot; (Краснодарский край, Туапсинский район, пгт Новомихайловский) требуется  Монтажник слаботочных систем     Обязанности:      Монтаж слаботочных систем: охранно-пожарных систем, систем видеонаблюдения, СОУЭ, СКУД, СКС   Работа с электроинструментом   Установка и настройка охранных систем;      Требования:      Опыт работы на аналогичной должности не менее 1-3 года   Дисциплинированность, ответственность и пунктуальность;   Знание слаботочных систем: АПС, СКУД, СОУЭ, СКС, охранная сигнализация, видеонаблюдение   Умение обращаться с ручным и электроинструментом;   Умение читать чертежи;   Готовность к обучению;   Приветствуется опыт проведения пусконаладочных работ;   Отсутствие медицинских противопоказаний к работе      Условия:      работа на строительном участке Орленок, Краснодарский край, Туапсинский район, пгт Новомихайловский   Оформление по ТК РФ   Премии по результатам работы   Предоставляется электроинструмент, СИЗ   Перелёт, проживание оплачивается   Зарплата сдельная   ЗВОНИТЕ ПО НИЖЕ УКАЗАННОМУ НОМЕРУ!!!! РЕЗУЛЬТАТ БЫСТРЕЕ!!!   ",Полная занятость,Вахтовый метод,От 1 года до 3 лет,,3.0,62142.857142857145,1.0,60000.0,монтажник слаботочных систем,"Опыт работы на аналогичной должности не менее 1-3 года. Дисциплинированность, ответственность и пунктуальность. Знание слаботочных систем: АПС, СКУД, СОУЭ...","Монтаж слаботочных систем: охранно-пожарных систем, систем видеонаблюдения, СОУЭ, СКУД, СКС. Работа с электроинструментом. Установка и настройка охранных систем.",0.3333333333333333,1,0,0,0,0,0,1,0,0,1,0,1,0,0,0,1,0,0,0,0,0,0,0,0,0,0,0,0,0,0,0
Санкт-Петербург,Альянс,2019-12-13T14:06:40+0300,"  Обязанности:      Монтаж внутренних и наружных слаботочных сетей (СКС, СКУД);   Прокладка и монтаж кабельных линий;   Монтаж и подключение оборудования;   Монтаж и настройка систем охранной -пожарной сигнализации;   Монтаж и настройка систем телевизионного наблюдения;   Монтаж и настройка локальной сети;   Чтение рабочей документации.          Требования:      Профильное образование приветствуется;   Опыт работы: более 1 года монтажником слаботочных систем, ОПС и видеонаблюдения;   Знание оборудования охранно-пожарной сигнализации и видеонаблюдения;   Знание и умение проводить ремонтные работы и монтаж сетей;   Знание маркировки кабельной продукции.          Условия:      Мы предлагаем работу в динамично развивающейся компании;   График работы 5/2 с 09:00 до 18:00;   Стабильную заработную плату от 30 000 до 50 000 руб. (по результатам испытательного срока).       ",Полная занятость,Полный день,От 1 года до 3 лет,,3.0,50000.0,1.0,45000.0,монтажник слаботочных систем,"Профильное образование приветствуется. Опыт работы: более 1 года монтажником слаботочных систем, ОПС и видеонаблюдения. Знание оборудования охранно-пожарной сигнализации и...","Монтаж внутренних и наружных слаботочных сетей (СКС, СКУД). Прокладка и монтаж кабельных линий. Монтаж и подключение оборудования. Монтаж и настройка...",0.0,0,0,0,0,0,0,1,0,0,1,0,1,0,0,0,0,0,1,0,0,0,0,0,0,0,0,0,0,0,0,0
Санкт-Петербург,СмартЭйдж,2019-12-11T11:36:46+0300,"  Обязанности:     Монтаж кабельных трасс и оборудования СКС и ЛВС, систем пожарной сигнализации, видеонаблюдения, СКУД и подобных.    Монтаж кабельных трасс на лотках, в кабель-канале и в пластиковой трубе.   Расключение монтажных коробок и оборудования в соответствии со схемами.   Тестирование линий.   Требования:   дисциплинированность и пунктуальность.   Условия:   Оформление в соответствии с ТК РФ; график работы: 8 часов/5 дней в неделю; предоставляются инструмент, спецодежда, обувь    Преимущества работы у нас:  стабильная заработная плата, официальное оформление по ТК РФ, опыт работы на крупных и уникальных объектах, возможность карьерного роста. ",Полная занятость,Полный день,Нет опыта,|монтаж кабельных линий в промышленном или гражданском строительстве|монтаж слаботочных систем на стройке,,62142.857142857145,,40000.0,монтажник слаботочных систем,Дисциплинированность и пунктуальность.,"Монтаж кабельных трасс и оборудования СКС и ЛВС, систем пожарной сигнализации, видеонаблюдения, СКУД и подобных. Монтаж кабельных трасс на лотках...",0.06666666666666667,0,0,0,0,0,0,1,0,1,0,0,1,0,0,0,0,0,1,0,0,0,0,0,0,0,0,0,0,0,0,1
Санкт-Петербург,Системы Безопасности,2019-12-13T11:56:04+0300," В следствии увеличения объемов работ и расширения компании требуется мастер-монтажник систем безопасности.    Обязанности :     выезд к клиентам в оговоренное время для производства монтажа, ремонта и настройки оборудования;   выполнение работ согласно технологической инструкции;   прокладка кабельных трасс;   визиты в офис для отчета по выполненным заявкам и получение необходимого для работы оборудования и материалов.       Требования :     опыт работы со слаботочными системами не менее 1 года (СКУД, видеонаблюдение, домофоны);   технические навыки в данной сфере электроники;   наличие навыков работы с электроинструментами;   ответственность;   пунктуальность;   обучаемость;   активная жизненная позиция;   ТРУДОЛЮБИЕ!       Условия :     график работы 5/2 с 9 до 18 (с перерывом на обед);   офис находиться близко к центру рядом с метро;   своевременная оплата труда 2 раза в месяц;   оплата проезда;   оплата мобильной связи;   предоставляем возможность постоянного обучения и повышение Вашей квалификации;   официальное трудоустройство;   возможно трудоустройство с минимальным опытом, при условии обучения;   карьерный рост.         ВАЖНО! Мы ищем людей на долгосрочное сотрудничество! Если вы доводите свои дела до конца, уделяете внимание мелочам, готовы переделать работу, когда понимаете, что сделали что-то не так. Тогда мы вас ждем. ",Полная занятость,Полный день,От 1 года до 3 лет,|Прокладка кабелей|Монтаж оборудования|работа с электроинструментом|работа с тестером|работа с электроникой|Системы видеонаблюдения|Монтаж инженерных систем,3.0,62142.857142857145,1.0,50000.0,монтажник слаботочных систем сервисный мастер,"Опыт работы со слаботочными системами не менее 1 года (СКУД, видеонаблюдение, домофоны). Технические навыки в данной сфере электроники. ","Выезд к клиентам в оговоренное время для производства монтажа, ремонта и настройки оборудования. Выполнение работ согласно технологической инструкции. ",0.0,0,0,0,0,0,0,1,0,0,1,0,1,0,0,0,0,0,1,0,0,1,1,0,1,0,1,0,0,0,0,1
Санкт-Петербург,Ростелеком,2019-12-12T12:44:15+0300," Обязанности:       Подключение новых абонентов к услугам компании (Интернет, цифровое TV, телефония и «Умный Дом»);       Монтаж, установка и настройка оконечного оборудования;       Консультация пользователей по вопросам настройки абонентского оборудования и работы услуг.       Требования:       Среднее (полное) общее образование;       Знание операционных систем (Windows MacOS и т.д.);       Умение работать с электроинструментом;       Навыки общения с клиентами;       Опыт работы со слаботочными сетями будет Вашим преимуществом;        Условия:      Работа в крупнейшем в России провайдере цифровых услуг и решений;   Оформление  по ТК РФ;    Официальная зарплата: оклад+премия;   Средний ежемесячный доход:  50 000- 55 000  руб.;   График:  сменный   2/2/3 (смены по 12 часов) ;   Характер работы -  разъездной;    Ежемесячная оплата  ГСМ  (11700)   Работа на территории района проживания;     Корпоративное обучение;       Социальный пакет (ДМС, ежегодный оплачиваемый отпуск и т.д.).     ",Полная занятость,Сменный график,Нет опыта,,,62142.857142857145,,40000.0,монтажник слаботочных систем,Среднее (полное) общее образование. Знание операционных систем (Windows MacOS и т.д.). Умение работать с электроинструментом. Навыки общения с клиентами. ,"Подключение новых абонентов к услугам компании (Интернет, цифровое TV, телефония и «Умный Дом»). Монтаж, установка и настройка оконечного оборудования. ",0.03333333333333333,0,0,0,0,0,0,1,0,1,0,0,1,0,0,0,0,0,0,1,0,0,0,0,0,0,0,0,0,0,0,0
Санкт-Петербург,Телеком-ВИСТ,2019-12-04T16:20:05+0300," Монтажник по вызову    Обязанности:      Настройка активного оборудования (маршрутизаторы)   проверка работоспособности сети СКС   ремонт сетей СКС     Требования:     Знание что такое СКС,   умение чинить, менять оборудование     Условия:     Работа по требованию.   Разъездная по городу   оплата производится за каждый день работы   гибкий график   оплата ежедневная   ",Полная занятость,Полный день,Нет опыта,|Ремонт ПК|Настройка сетевых подключений|Настройка ПО|Настройка ПК,,62142.857142857145,,40000.0,монтажник слаботочных сетей,"Знание что такое СКС. Умение чинить, менять оборудование.",Настройка активного оборудования (маршрутизаторы). Проверка работоспособности сети СКС. Ремонт сетей СКС.,0.3,0,0,0,0,0,0,1,0,1,0,0,1,0,0,0,0,0,1,0,0,0,0,1,0,0,0,0,0,0,0,1
Санкт-Петербург,Балашова Анастасия Сергеевна,2019-12-03T14:57:36+0300,"  Обязанности:    Обязанности: - Прокладка оптического кабеля от оборудования (Расположение на лестничной площадке, ни каких подвалов и чердаков) в квартиру абонента. - Установка и настройка абонентского оборудования - Демонстрация услуг. - Подписание договора об оказании услуг с абонентом.   Требования:   - Знание операционных систем( Windows, MacOS и т.д.)   - Базовые знания ЛВС (Локальная вычислительная сеть)   - Опыт работы монтажником приветствуется.   - Специальные знания / навыки: умение работать с электроинструментом, навыки общения с клиентами.   - Пунктуальность, аккуратность, вежливость, исполнительность.    Условия:    - Стоимость 1-й заявки от 900 рублей ( 1 услуга). - Возможность дополнительного заработка. - Обучение. - Работа разъездного характера - Инструмент предоставляет компания. - Работа в районе проживания . - Приезжать в офис каждый день не нужно.   - Выдаётся инструмент и расходный материал, возможно увеличение выплат при использовании в работе своего инструмента и расходных материалов   - Индивидуальный график.         ",Полная занятость,Гибкий график,Нет опыта,|Ответственность|Производство строительно-монтажных работ|Монтаж инженерных систем|Производство пусконаладочных работ,,62142.857142857145,,85000.0,монтажник связи,"Знание операционных систем( Windows, MacOS и т.д.). - Базовые знания ЛВС (Локальная вычислительная сеть). - Опыт работы монтажником приветствуется. - ","Прокладка оптического кабеля от оборудования (Расположение на лестничной площадке, ни каких подвалов и чердаков) в квартиру абонента. - Установка и настройка...",0.3333333333333333,1,0,0,0,0,0,1,0,1,0,0,1,0,0,0,0,1,0,0,0,0,1,0,0,0,0,0,1,0,0,1
Санкт-Петербург,ГиперТехнолоджи,2019-11-15T09:13:57+0300,"       В нашу команду профессионалов ищем активного, целеустремленного сотрудника с золотыми руками, готового учиться и развивать свои знания и навыки. Молодой и дружный коллектив,понятные и прозрачные критерии оценки квалификации и соответственно заработной платы. Стабильный доход и интересные задачи! Только длительное сотрудничество.      Обязанности:      Монтаж кабельных трасс, всех типов лотков, кабельных коробов;   Прокладка кабельных трасс по лоткам короба, трубам;   Монтаж щитов автоматики;   Монтаж и подключение полевого оборудования (датчики, видеокамеры, извещатели, динамики, телевизоры и т. д.);   Монтаж и расключение коммутационных коробок;   Монтаж шлагбаумов, турникетов;   Участие в ПНР.     Требования:       Средне специальное образование;       Опыт работы по монтажу, наладке, по слаботочным системам: АПС, СОуЭ, Речевое оповещение, СКС, ОС и КД, Дымоудаление, Видеонаблюдение, АСТУЭ, автоматика ОВК;       Элементарные знания принципов работы вышеперечисленных систем;       Умение читать схемы;       Соблюдение жестких требований охраны труда;       Опыт работы и управления электрогидроподъёмником, наличие удостоверения на право работы и управления такой техникой приветствуется;       Навыки работы с электроинструментом, мультиметром;       Опыт сварки оптоволокна будет преимуществом;       Навыки пусконаладочных работ будут преимуществом;       Наличие действующего удостоверения по ЭБ крайне приветствуется;       Условия:     Постоянная, полный день, работа на территории работодателя;   Оформление, отпуск, больничный и пр. по ТК;   Корпоративное обучение и тренинги;   Возможность профессионального и карьерного роста;   Своевременные выплаты заработной платы;   Двойная оплата в праздничные и выходные дни;   удобная современная спецодежда;    Заработная плата от 255 руб/час;     Работа на крупных действующих предприятиях Санкт-Петербурга и Лен. области;     Не частые и не продолжительные командировки по европейской части РФ.    ",Полная занятость,Полный день,От 1 года до 3 лет,|слаботочные системы|Пуско-наладочные работы,3.0,60000.0,1.0,45000.0,монтажник слаботочных систем,"Средне специальное образование. Опыт работы по монтажу, наладке, по слаботочным системам: АПС, СОуЭ, Речевое оповещение, СКС, ОС и КД, Дымоудаление...","Монтаж кабельных трасс, всех типов лотков, кабельных коробов. Прокладка кабельных трасс по лоткам короба, трубам. Монтаж щитов автоматики. ",0.9333333333333333,0,0,0,0,0,0,1,0,0,1,0,1,0,0,0,0,0,1,0,0,0,0,0,0,0,0,0,0,1,0,1
Санкт-Петербург,Жоржолиани Георгий Давидович,2019-11-21T13:44:42+0300," Описание работодателя: работа в одном районе . Монтаж домофонов, строительство слаботочных систем, видео наблюдения и др.   Требования: умение работать с перфоратором и другими инструментами.   Обязанности: протяжка кабеля, установка домофона , монтаж точки доступа, камер видеонаблюдения и другие работы в этой сфере.   Условия: удобный график работы, зп. высокая сдельная.   Более подробная информация по телефону   Пока объявление висит оно актуально! ",Полная занятость,Полный день,От 1 года до 3 лет,|Электрические системы и слаботочные системы|Пожарная сигнализация|Системы видеонаблюдения|Монтаж инженерных систем|слаботочные системы|Работа в команде,3.0,80000.0,1.0,50000.0,монтажник слаботочных систем,Без требований,"Описание работодателя: работа в одном районе . Монтаж домофонов, строительство слаботочных систем, видео наблюдения и др. Требования: умение работать с перфоратором...",0.7333333333333333,0,1,0,0,0,0,1,0,0,1,0,1,0,0,0,0,0,1,0,0,0,1,0,1,1,0,0,0,1,1,1
Санкт-Петербург,AirNet,2019-11-28T18:44:18+0300,"   Обязанности:     • Сварка, монтаж, прокладка и измерение волоконно-оптических кабелей (кровля, столбы);   • Установка антивандальных ящиков, кабель-каналов, трубостоек, слаботочных каналов;   • Подключение электрики.         Требования:     • Образование: среднее, среднее специальное;   • Навыки работы со строительным инструментом, знания по ВОЛС;   • Умение аккуратно и в больших объемах разваривать кроссы и муфты;   • Способность быстро и самостоятельно обучаться;   • Внимательность и аккуратность в работе, ответственность;         Условия:     • Предоставление льгот на услуги компании;   • Красивая форма;   • Чай, кофе за счет компании;   • Абонемент в спортивный зал;   • Финансовое поощрение некурящих;   • Возможности карьерного роста;   • Дружный молодой коллектив;   • Испытательный срок 2 мес;   • Работа в Калининском и Выборгском, Приморском районах СПБ. ",Полная занятость,Полный день,От 1 года до 3 лет,,3.0,65000.0,1.0,50000.0,монтажник волс,"Образование: среднее, среднее специальное. Навыки работы со строительным инструментом, знания по ВОЛС. Умение аккуратно и в больших объемах разваривать кроссы...","Сварка, монтаж, прокладка и измерение волоконно-оптических кабелей (кровля, столбы). Установка антивандальных ящиков, кабель-каналов, трубостоек, слаботочных каналов. Подключение электрики.",0.5,0,0,0,0,0,0,1,0,0,1,0,1,0,0,0,0,0,1,0,0,0,0,0,0,0,0,0,0,0,0,0
Санкт-Петербург,Охранная фирма Титан,2019-11-29T15:31:33+0300,"  Обязанности:    Монтаж и пусконаладочные работы ОТС, АПС, СКУД, СОТ (работы &quot;под ключ&quot;).   Чтение технической и исполнительной документаций.   Своевременное предоставление отчетности по выполненным работам.    Требования:    - Преимуществом будет знание Bolid, Си-Норд, Ритм, Trassir, Gate.   - Знание основного используемого оборудование на рынке охранных услуг, НПБ, СП по пожарной сигнализации.   - Системность. Желание работать и развиваться вместе с компанией.   Условия:   Работа в крупной компании, занимающей одно из лидирующих мест на рынке Северо-Запада в сфере охранных услуг и высокотехнологичных предложений в сфере безопасности.   Официальное оформление по ТК РФ.   График работы: 5-дн. рабочая неделя.   Своевременные выплаты заработной платы (2 раза в месяц). ",Полная занятость,Полный день,От 3 до 6 лет,,6.0,62142.857142857145,3.0,50000.0,монтажник слаботочных систем,"Преимуществом будет знание Bolid, Си-Норд, Ритм, Trassir, Gate. - Знание основного используемого оборудование на рынке охранных услуг, НПБ, СП по...","Монтаж и пусконаладочные работы ОТС, АПС, СКУД, СОТ (работы &quot;под ключ&quot;). Чтение технической и исполнительной документаций. Своевременное предоставление отчетности по...",0.4666666666666667,0,0,0,0,0,0,1,0,0,0,1,1,0,0,0,0,0,1,0,0,0,0,0,0,0,0,0,0,0,0,0
Санкт-Петербург,Ловител,2019-12-02T15:19:25+0300," Требуется бригада монтажников с бригадиром. (  ИП ) Наличие собственного инструмента. Оплата по договору на основании единичных расценок.   Строительство сетей связи и КТВ на объекте (строящийся жилой комплекс): - штробление стен; - прокладка кабелей связи (utp, коаксиальный) - прокладка кабелей электропитания; - расшивка многопарных кабелей связи; - установка телекоммуникационных шкафов и оборудования; - организация электропитания для оборудования; - прокладка волоконно-оптических кабелей, сварка волокон и снятие рефлектограмм; - ПНР системы КТВ; - подготовка исполнительной документации.     ",Полная занятость,Полный день,Нет опыта,|Пользователь ПК|Настройка сетевых подключений|Производство строительно-монтажных работ|Прокладка кабелей,,62142.857142857145,,50588.23529411764,бригада монтажников с бригадиром по строительству слаботочных систем,Наличие собственного инструмента.,Оплата по договору на основании единичных расценок. Строительство сетей связи и КТВ на объекте (строящийся жилой комплекс): - штробление стен. - ,0.36666666666666664,1,0,0,0,0,0,1,0,1,0,0,1,0,0,0,0,0,1,0,0,0,0,1,0,0,1,1,1,0,0,1
Санкт-Петербург,Ю Онлайн,2019-11-14T15:26:52+0300," Обязанности:     Подключение новых абонентов к услугам компании (Интернет, Цифровое тв);   Монтаж кабелей связи (медных и волоконно-оптических, монтаж оборудования);   Обслуживание клиентов по сервисным заявкам – Сервисное обслуживание;   Устранение аварий на сети;      Требования (ЖЕЛАТЕЛЬНО):      Среднее (полное) общее образование;   Знание операционных систем (Windows, MacOS и т.д.);   Умение работать с электроинструментом;   Навыки общения с клиентами;   Опыт работы со слаботочными сетями;      Условия:      Работа в провайдере цифровых услуг и решений;   График работы 5/2, с 10.00 до 19.00;   Характер работы - разъездной;   Автoмобиль;   Спецодежда, инструмент;   Обучение;   ",Полная занятость,Полный день,Нет опыта,,,65000.0,,45000.0,монтажник слаботочных систем,"Среднее (полное) общее образование. Знание операционных систем (Windows, MacOS и т.д.). Умение работать с электроинструментом. Навыки общения с клиентами. ","Подключение новых абонентов к услугам компании (Интернет, Цифровое тв). Монтаж кабелей связи (медных и волоконно-оптических, монтаж оборудования). ",0.9666666666666667,0,0,0,0,0,0,1,0,1,0,0,1,0,0,0,0,0,1,0,0,0,0,0,0,0,0,0,0,0,0,0
Санкт-Петербург,Нью Лайн Телеком,2019-11-22T14:29:21+0300," Обязанности:     Прокладка волоконно-оптического кабеля (подвес, внутрянка);   Прокладка медножильных проводов и кабелей (ТПП, UTP, ПВ3);   Монтаж систем видеонаблюдения.     Требования:     Знание принципов построения сетей передачи данных (PON, ШПД, СКС, ЛВС);   Понимание технологий строительства объектов связи;   Ответственность за достижение результата;   Дисциплинированность;   Готовность к разъездному характеру работы (СПб и Ленинградская область).     Условия:     Работа на объектах (г.СПб и Ленинградской области);   Стабильная заработная плата;   Возможность профессионального и карьерного роста;   Оплачиваемый отпуск;   Тип занятости: Полная занятость, полный день, 5/2.   ",Полная занятость,Полный день,От 1 года до 3 лет,,3.0,50000.0,1.0,50588.23529411764,монтажник слаботочных сетей,"Знание принципов построения сетей передачи данных (PON, ШПД, СКС, ЛВС). Понимание технологий строительства объектов связи. Ответственность за достижение результата. Дисциплинированность. ","Прокладка волоконно-оптического кабеля (подвес, внутрянка). Прокладка медножильных проводов и кабелей (ТПП, UTP, ПВ3). Монтаж систем видеонаблюдения.",0.7,1,0,0,0,0,0,1,0,0,1,0,1,0,0,0,0,0,1,0,0,0,0,0,0,0,0,0,0,0,0,0
Екатеринбург,НВБС,2019-12-10T15:55:08+0300,"  АО «НВБС» – одна из крупнейших сервисных компаний России в области ИТ и Телеком – ищет кандидатов на должность монтажников. Мы помогаем войти в мир Интернета и качественного телевидения. Вакансия для тех, кто хочет и может хорошо работать и зарабатывать!     Обязанности:      Предоставление качественного клиентского сервиса;   Подключение абонентов к домашнему интернету (монтаж кабеля от шкафа оператора до квартиры клиента, настройка оборудования WiFi и приставок IPTV);   Выполнение абонентских заявок (восстановление сервиса, настройка компьютера);   Устранение аварий и выполнение плановых работ.      Требования:      Образование от среднего;   Опыт работы – не имеет значения;   Желательно знание принципов настройки клиентского оборудования (роутер, WiFi);   Приветствуется опыт работы в монтаже слаботочных систем.      Условия:      Мотивация: сдельная, возможность дополнительного заработка;   Официальное трудоустройство;   Стабильная выплата заработной платы на карту (полностью белая) :   График работы: 5/2, скользящие выходные дни;   Полная занятость, разъездной характер работы, работа рядом с домом;   Возможность профессионального развития в крупнейшей сервисной компании России в области IT и Телеком;   Оплата мобильной связи;   Фирменная спецодежда и предоставление инструмента;   Дружный коллектив.   ",Полная занятость,Полный день,Нет опыта,,,71666.66666666669,,45000.0,монтажник,"Образование от среднего. Опыт работы – не имеет значения. Желательно знание принципов настройки клиентского оборудования (роутер, WiFi). Приветствуется опыт работы в...","Предоставление качественного клиентского сервиса. Подключение абонентов к домашнему интернету (монтаж кабеля от шкафа оператора до квартиры клиента, настройка оборудования WiFi...",0.1,0,1,1,0,0,0,0,0,1,0,0,1,0,0,0,0,0,1,0,0,0,0,0,0,0,0,0,0,0,0,0
Екатеринбург,ЭР-Телеком,2019-12-13T07:13:01+0300," Обязанности:     осуществление монтажных работ по подключению клиента (интернет, ЦТВ и КТВ, городская связь)   работы с электроинструментом и специализированным инструментом для подключения   ведение отчётности.     Требования:     желателен навык подключения услуг доступа в интернет и телевидения;   приветствуется опыт работы с СКС, СКУД, ОПС;   возможно без опыта работы - мы всему научим!     Условия: ​​​​​​​    официальное трудоустройство в соответствии с ТК РФ   &quot;белая&quot; своевременная оплата труда (сдельно-премиальная)   перспективы профессионального роста   бесплатное корпоративное обучение   разъездной характер работы   Ждем Вас в нашу команду профессионалов!   ",Полная занятость,Сменный график,Нет опыта,,,71666.66666666669,,40000.0,монтажник услуг связи,"Желателен навык подключения услуг доступа в интернет и телевидения. Приветствуется опыт работы с СКС, СКУД, ОПС. Возможно без опыта работы...","Осуществление монтажных работ по подключению клиента (интернет, ЦТВ и КТВ, городская связь). Работы с электроинструментом и специализированным инструментом для подключения. ",0.0,0,1,1,0,0,0,0,0,1,0,0,1,0,0,0,0,0,0,1,0,0,0,0,0,0,0,0,0,0,0,0
Екатеринбург,"МОТИВ, телекоммуникационная группа",2019-12-04T10:35:37+0300,"  Обязанности:    • Подготовка, монтаж оборудования базовых станций (БС);   • Регламентное техническое обслуживание (ТО) позиций;   • Ведение технической документации по эксплуатации и ТО позиций;   • Устранение аварийных ситуаций на БС (круглосуточно);   • Учет движения ТМЦ.        Требования:    • Образование оконченное высшее техническое/специалист в области радиосвязи;   • Уверенный пользователь ПК;   • Знание принципов построения и организации сетей связи;   • Навыки в монтаже базовых станций стандарта GSM и LTE приветствуются;   • Умение работать слесарным и электроинструментом;   • Знание технического английского языка (минимум со словарем);   • Опыт работы в области строительства или обслуживания базовых станций (приветствуется).        Условия:    • Официальное трудоустройство по ТК РФ;   • Стабильная заработная плата;   • Корпоративные скидки и скидки от партнеров Компании;   • Привлекательные акции для сотрудников Компании;   • Компенсация сотовой связи для Вас и Ваших близких;   • График работы - 5/2;   • Разъездной характер работы;   • Место работы: ул. Ветеринарная. ",Полная занятость,Полный день,От 1 года до 3 лет,,3.0,71666.66666666669,1.0,43666.66666666666,монтажник оборудования связи,Образование оконченное высшее техническое/специалист в области радиосвязи. Уверенный пользователь ПК. Знание принципов построения и организации сетей связи. ,"Подготовка, монтаж оборудования базовых станций (БС). Регламентное техническое обслуживание (ТО) позиций. Ведение технической документации по эксплуатации и ТО позиций. ",0.3,0,1,1,0,0,0,0,0,0,1,0,1,0,0,0,0,0,1,0,0,0,0,0,0,0,0,0,0,0,0,0
Екатеринбург,"МОТИВ, телекоммуникационная группа",2019-12-09T14:30:15+0300,"  Обязанности:    • Подготовка, монтаж оборудования базовых станций (БС);   • Регламентное техническое обслуживание (ТО) позиций;   • Ведение технической документации по эксплуатации и ТО позиций;   • Устранение аварийных ситуаций на БС (круглосуточно);   • Учет движения ТМЦ.        Требования:    • Образование оконченное высшее техническое/специалист в области радиосвязи;   • Уверенный пользователь ПК;   • Знание принципов построения и организации сетей связи;   • Навыки в монтаже базовых станций стандарта GSM и LTE приветствуются;   • Умение работать слесарным и электроинструментом;   • Знание технического английского языка (минимум со словарем);   • Опыт работы в области строительства или обслуживания базовых станций (приветствуется).        Условия:    • Официальное трудоустройство по ТК РФ;   • Стабильная заработная плата;   • Корпоративные скидки и скидки от партнеров Компании;   • Привлекательные акции для сотрудников Компании;   • Компенсация сотовой связи для Вас и Ваших близких;   • График работы - 5/2;   • Разъездной характер работы;   • Место работы: ул. Ветеринарная. ",Полная занятость,Полный день,От 1 года до 3 лет,,3.0,71666.66666666669,1.0,43666.66666666666,монтажник связи,Образование оконченное высшее техническое/специалист в области радиосвязи. Уверенный пользователь ПК. Знание принципов построения и организации сетей связи. ,"Подготовка, монтаж оборудования базовых станций (БС). Регламентное техническое обслуживание (ТО) позиций. Ведение технической документации по эксплуатации и ТО позиций. ",0.13333333333333333,0,1,1,0,0,0,0,0,0,1,0,1,0,0,0,0,0,1,0,0,0,0,0,0,0,0,0,0,0,0,0
Екатеринбург,"Принтград, ГК",2019-12-13T11:14:46+0300,"  Обязанности:        Протяжка СКС на торговом объекте       ПНР (Пуско-наладочные работы) торгового оборудования (кассы, ТСД, мобильные принтеры и т.д.)       ППР (Планово-Предупредительные Работы (проверка на работоспособность и устранение неполадок оборудования. ПК, принтера, провода и т.д.)        Требования:        Опыт монтажа ЛВС       Опыт настройки торгового оборудования и видеонаблюдения будет преимуществом;       Желание обучаться и развиваться       Умение работать в команде       Мобильность       Пунктуальность       Желание расти и развиваться        Условия:        Работа в крупной развивающейся Компании       Трудоустройство по ТК РФ       Белая заработная плата (оклад + премия)       Оклад 20 000 + сделка от 15 000 (неограниченна, все в Ваших руках)       Обучение в процессе работы       Характер работы, разъездной       Корпоративная сотовая связь       График работы 5/2 с 9.00 до 18.00       Карьерный и профессиональный рост             ",Полная занятость,Полный день,От 1 года до 3 лет,|Монтаж локально-вычислительной сети|Настройка ПО|Настройка сетевых подключений|Техническое обслуживание|Локальные сети|Работа с локальными сетями|Настройка серверов|слаботочные системы,3.0,71666.66666666669,1.0,35000.0,монтажник скс,Опыт монтажа ЛВС. Опыт настройки торгового оборудования и видеонаблюдения будет преимуществом. Желание обучаться и развиваться. Умение работать в команде. Мобильность. ,"Протяжка СКС на торговом объекте. ПНР (Пуско-наладочные работы) торгового оборудования (кассы, ТСД, мобильные принтеры и т.д.). ",0.0,0,1,1,0,0,0,0,0,0,1,0,1,0,0,0,0,0,1,0,0,0,0,1,0,0,0,0,0,1,0,1
Екатеринбург,Вертикаль,2019-12-06T08:12:10+0300," Компании &quot;Вертикаль&quot; требуется  Монтажники ВОЛС    Регионы производства работ: Екатеринбург и Свердловская область.    ПРОСИМ ОБРАТИТЬ ВНИМАНИЕ, ДАННАЯ РАБОТА ИМЕЕТ РАЗЪЕЗДНОЙ ХАРАКТЕР И СВЯЗАНА С ЧАСТЫМИ КОМАНДИРОВКАМИ     Обращаем Ваше внимание, собеседование проводиться в г. Екатеринбурге    Требования:     навыки монтажа и наладки оборудования связи   опыт прокладки ВОЛС   умение работать инструментом     Обязанности:     Монтаж оборудования связи:   линии ВОЛС (воздушные и в грунте)   Работа с технической документации     Условия работы:      разъездной характер работы,     командировки,    высотные работы   трудоустройство согласно ТК РФ   достойная заработная плата (рассмотрим ожидания кандидатов)   премии по завершению проекта   полный соцпакет.       ",Полная занятость,Полный день,От 1 года до 3 лет,,3.0,71666.66666666669,1.0,43666.66666666666,монтажник волс,Навыки монтажа и наладки оборудования связи. Опыт прокладки ВОЛС. Умение работать инструментом.,Монтаж оборудования связи: Линии ВОЛС (воздушные и в грунте). Работа с технической документации.,0.23333333333333334,0,1,1,0,0,0,0,0,0,1,0,1,0,0,0,0,0,1,0,0,0,0,0,0,0,0,0,0,0,0,0
Екатеринбург,ЧАЗ Новый Консалтинговый Центр,2019-12-03T10:00:20+0300, Обязанности:     строительства комплекса АКМ     Требования:     опыт работы от 1-го года     Условия:     работа в Пермском крае   вахта 60/30 или 45/15 на выбор   жилье и спец.одежду предоставляем бесплатно   медосмотр за счет организации   выплата суточных 1500 руб- еженедельно ( в з/п не входят)   выплата з/п стабильно   трудоустройство по ТК РФ   ,Полная занятость,Вахтовый метод,От 1 года до 3 лет,|Пользователь ПК|Управление временем,3.0,71666.66666666669,1.0,70000.0,монтажник жбк,Опыт работы от 1-го года.,Строительства комплекса АКМ.,0.3333333333333333,1,1,1,0,0,0,0,0,0,1,0,1,0,0,0,1,0,0,0,0,0,0,0,0,0,0,1,0,0,0,1
Екатеринбург,Вертикаль,2019-12-06T08:12:10+0300," Компании &quot;Вертикаль&quot; требуется Монтажники объектов связи , АФУ, линий ВОЛС и т.д.,   Регионы производства работ: УРФО В Т.Ч. ЕКБ, Челябинск, Сургут, Ноябрьск, Новый Уренгой, Тюмень, Курган, ХМАО, ЯНАО.    ПРОСИМ ОБРАТИТЬ ВНИМАНИЕ, ДАННАЯ РАБОТА ИМЕЕТ РАЗЪЕЗДНОЙ ХАРАКТЕР И СВЯЗАНА С ЧАСТЫМИ И ДЛИТЕЛЬНЫМИ КОМАНДИРОВКАМИ     Обращаем Ваше внимание, собеседование проводиться в г. Екатеринбурге    Требования:     знания в области телекоммуникаций,   навыки монтажа и наладки оборудования связи   возможно без опыта, обучение в процессе производства работ   умение работать инструментом     Обязанности:     Монтаж оборудования связи:   оборудование транспортной сети (радиорелейное оборудование, pmp),   оборудование базовых станций сотовой связи (АФУ, базовые стойки),   сетевое оборудование (коммутационное оборудование, сети передачи данных),   линии ВОЛС (воздушные и в грунте)   электрооборудование (стойки питания, распределительные щиты).   Пуско-наладка и эксплуатационная поддержка телекоммуникационного оборудования   Работа с технической документации         Условия работы:      разъездной характер работы,     командировки,    высотные работы   трудоустройство согласно ТК РФ   достойная заработная плата (рассмотрим ожидания кандидатов)   премии по завершению проекта   полный соцпакет.       ",Полная занятость,Полный день,Нет опыта,,,71666.66666666669,,43666.66666666666,монтажник объектов связи,"Знания в области телекоммуникаций. Навыки монтажа и наладки оборудования связи. Возможно без опыта, обучение в процессе производства работ. ","Монтаж оборудования связи: Оборудование транспортной сети (радиорелейное оборудование, pmp). Оборудование базовых станций сотовой связи (АФУ, базовые стойки). Сетевое оборудование (коммутационное...",0.23333333333333334,0,1,1,0,0,0,0,0,1,0,0,1,0,0,0,0,0,1,0,0,0,0,0,0,0,0,0,0,0,0,0
Екатеринбург,TelecomBOX,2019-12-10T12:00:01+0300,"  Основные задачи:    Выполнение работ по монтажу слаботочных систем (монтаж кабеля от шкафа оператора до квартиры клиента, настройка оборудования) и вспомогательных электрических систем   Предоставление качественного клиентского сервиса        Нам важно:    Знание слаботочных систем   Развитые навыки ручного труда и практический опыт работы в обслуживании, монтаже и пуско-наладке слаботочных и электрических систем   Активность‚ желание работать и зарабатывать        Мы предлагаем:     Мотивация: оплата сдельная, возможность заработка без ограничения верхнего уровня, выплачивается без задержек 2 раза в месяц.   Возможность профессионального развития в современной компании в области IT и Телеком   Полная занятость, разъездной характер работы, возможность работы рядом с домом   Выдаем фирменную спецодежду и предоставляем инструмент   Дружный коллектив     ",Полная занятость,Полный день,От 1 года до 3 лет,|Системы видеонаблюдения|Монтаж инженерных систем|Монтаж оборудования|Электрические системы и слаботочные системы|Настройка сетевых подключений,3.0,80000.0,1.0,40000.0,монтажник оборудования связи,"Знание слаботочных систем. Развитые навыки ручного труда и практический опыт работы в обслуживании, монтаже и пуско-наладке слаботочных и электрических...","Выполнение работ по монтажу слаботочных систем (монтаж кабеля от шкафа оператора до квартиры клиента, настройка оборудования) и вспомогательных электрических систем. ",0.1,0,1,1,0,0,0,0,0,0,1,0,1,0,0,0,0,0,1,0,0,1,1,1,1,1,0,0,0,1,0,1
Екатеринбург,TelecomBOX,2019-12-10T12:00:01+0300,"  Чем заниматься:      Установка и настройка активного оборудования   Монтаж СКС (прокладка кабелей типа «витая пара», монтажных лотков по зданиям и сооружениям)   Монтаж распределительных боксов и «разделка» кабелей связи   Участие в работах по монтажу узлов связи   Монтаж слаботочных розеток, коробов, телекоммуникационных шкафов   Монтаж систем видеонаблюдения   Работа с технической/проектной документацией      От вас:      Образование средне-специальное (техническое)   Умение работать с монтажным и измерительным инструментом   Ответственность, трудолюбие, обучаемость   Опыт работы от 1 года обязателен      От нас:      Работа с федеральными провайдерами и крупными сетевыми интеграторами   Официальная заработная плата (оклад + сдельная оплата труда) на руки 40000 - 80000 руб/мес;   Обеспечение необходимым для работы инструментом и спецодеждой;   Возможность профессионального и карьерного роста, корпоративное обучение   Ротация внутри компании   Обучение за счет компании   Профессиональный коллектив   Яркие корпоративные мероприятия   ",Полная занятость,Полный день,От 1 года до 3 лет,|Пользователь ПК|Прокладка кабелей|Монтаж инженерных систем|Windows 7,3.0,80000.0,1.0,40000.0,монтажник связи лвс скс видеонаблюдения скуд,"Образование средне-специальное (техническое). Умение работать с монтажным и измерительным инструментом. Ответственность, трудолюбие, обучаемость. Опыт работы от 1 года обязателен.","Установка и настройка активного оборудования. Монтаж СКС (прокладка кабелей типа «витая пара», монтажных лотков по зданиям и сооружениям). ",0.1,0,1,1,0,0,0,0,0,0,1,0,1,0,0,0,0,0,1,0,0,0,1,0,0,0,1,1,0,0,0,1
Екатеринбург,TelecomBOX,2019-12-10T12:00:01+0300,"  Обязанности:    Монтаж слаботочных систем, СКУД, СКС, видеонаблюдения‚ охранной пожарной сигнализации;   Электромонтажные работы;   Прокладка сетей внутреннего электроснабжения и слаботочных сетей;   Прокладка кабеля;   Монтаж слаботочных лотков;   Расключение патч-панелей и иного коммутирующего оборудования;   Сборка коммуникационных шкафов;   Участие в пусконаладочных работах слаботочных систем;   Техническое обслуживание;   Установка оборудования.    Требования:    Опыт работы по монтажу слаботочных систем от 2-х лет   Умение работать с технической документацией;   Опыт работы с электроинструментом;   Знание базовых требований по ЭБ и ТБ;   Наличие допусков и разрешений приветствуется.    Условия работы у нас:    Официальная заработная плата (оклад + сдельная оплата труда) на руки 40000 - 80000 руб/мес;   Обеспечение необходимым для работы инструментом и спецодеждой;   Обучение за счет компании;   Офис/склад находится рядом со ст. метро «Проспект Космонавтов»   Работа/Подключения Уралмаш Эльмаш Сортировка ",Полная занятость,Полный день,От 1 года до 3 лет,|Системы видеонаблюдения|Монтаж инженерных систем|Электрические системы и слаботочные системы|Прокладка кабелей|Инженерные системы,3.0,80000.0,1.0,40000.0,монтажник связи,Опыт работы по монтажу слаботочных систем от 2-х лет. Умение работать с технической документацией. Опыт работы с электроинструментом. ,"Монтаж слаботочных систем, СКУД, СКС, видеонаблюдения‚ охранной пожарной сигнализации. Электромонтажные работы. Прокладка сетей внутреннего электроснабжения и слаботочных сетей. Прокладка кабеля. ",0.1,0,1,1,0,0,0,0,0,0,1,0,1,0,0,0,0,0,1,0,0,0,1,0,1,1,1,0,0,1,0,1
Екатеринбург,СК ИНТЕГ,2019-12-02T14:50:37+0300," Обязанности:     Монтаж слаботочных систем (ОПС, СКУД, СС, СОТ).     Требования:     Наличие высшего или средне специального образования;   Опыт работы от 3х лет по специальности;   Знание нормативной документации;   Умение работать с проектной документацией.     Условия:     Официальное трудоустройство ТК РФ;   График работы: пятидневная рабочая неделя;   Место работы: Свердловская обл.;   Оплата ГСМ;   З/П от 35000 руб.+ премии.   ",Полная занятость,Полный день,От 3 до 6 лет,|Проектная документация|Инженерные системы|Мобильность,6.0,71666.66666666669,3.0,35000.0,монтажник слаботочных систем,Наличие высшего или средне специального образования. Опыт работы от 3х лет по специальности. Знание нормативной документации. Умение работать с...,"Монтаж слаботочных систем (ОПС, СКУД, СС, СОТ).",0.36666666666666664,0,1,1,0,0,0,0,0,0,0,1,1,0,0,0,0,0,1,0,0,0,0,0,0,0,0,0,0,0,0,1
Екатеринбург,НВБС,2019-12-06T12:20:42+0300,"  Энвижн Бизнес Салюшнс (АО «НВБС») - одна из крупнейших сервисных компаний России в области ИТ и Телеком.    С 2012 года мы накапливаем опыт реализации масштабных аутсорсинговых проектов, охватывая почти всю территорию России - представительства от Южно-Сахалинска до Калининграда, выполняем сложные информационно-коммуникационные проекты федерального уровня полностью своими силами.   В нашей компании работает более 2500 высококвалифицированных специалистов, благодаря которым мы хорошо подкованы в технических, финансовых, юридических и социологических аспектах процессов перехода на модель аутсорсинга, присущих российскому рынку.   Если Вы стремитесь раскрыть свой потенциал в крупной динамично развивающейся компании с интересными проектами, обладаете нужными нам компетенциями и навыками – присоединяйтесь к нашей дружной команде профессионалов!        Обязанности:      Обеспечение бесперебойной работы сети;   Устранение аварий;   Устранение неисправностей сетевого оборудования;   Замена сетевого оборудования;   Строительно-монтажные работы.     Требования:     Знание топологий сетей;   Понимание принципов работы сетевого оборудования;   Навык работы с ВОЛС.     Условия:     Оформление по ТК РФ, &quot;белая&quot; заработная плата;   Оплата мобильной связи;   Возможность профессионального развития в крупнейшей сервисной компании России в области IT и Телеком.   ",Полная занятость,Полный день,От 1 года до 3 лет,,3.0,71666.66666666669,1.0,43666.66666666666,монтажник группы ремонта районных сетей,Знание топологий сетей. Понимание принципов работы сетевого оборудования. Навык работы с ВОЛС.,Обеспечение бесперебойной работы сети. Устранение аварий. Устранение неисправностей сетевого оборудования. Замена сетевого оборудования. Строительно-монтажные работы.,0.23333333333333334,0,1,1,0,0,0,0,0,0,1,0,1,0,0,0,0,0,1,0,0,0,0,0,0,0,0,0,0,0,0,0
Екатеринбург,Уральская горно-металлургическая компания,2019-11-20T09:38:27+0300," ООО &quot;УГМК Телеком &quot; приглашает к сотрудничеству  Монтажника слаботочных систем     Обязанности:      Прокладка слаботочных сетей на объектах кап.строительства   Установка и наладка оборудования   Чтение проектной документации   Формирование отчетности     Требования:     Образование: высшее техническое, среднее техническое;   Опыт работы в должности обязателен;   Ответственность, пунктуальность, грамотность;     Условия:     Трудоустройство согласно ТК РФ;   График работы: пятидневная рабочая неделя с 8:00 до 17:00   заработная плата: оклад + бонусы за успешную реализацию проектов, обсуждается на собеседовании   Возможность карьерного роста и профессионального развития   ",Полная занятость,Полный день,От 1 года до 3 лет,,3.0,45000.0,1.0,39000.0,монтажник слаботочных систем,"Образование: высшее техническое, среднее техническое. Опыт работы в должности обязателен. Ответственность, пунктуальность, грамотность.",Прокладка слаботочных сетей на объектах кап.строительства. Установка и наладка оборудования. Чтение проектной документации. Формирование отчетности.,0.7666666666666667,0,0,1,0,0,0,0,0,0,1,0,1,0,0,0,0,0,1,0,0,0,0,0,0,0,0,0,0,0,0,0
Екатеринбург,"К Телеком,ООО",2019-11-26T18:33:33+0300,"   Ты еще не знаешь о нас? Тогда немного о нашей Компании…     Компания «К Телеком» на телекоммуникационном рынке уже более 10 лет, мы предоставляем свои услуги в более чем 80-ти городах Свердловской, Челябинской областях и Пермском крае. Более 90 000 абонентов пользуются нашими услугами, более 500 сотрудников работают в нашей Компании.     Какие услуги предоставляет наша Компания?       высокоскоростной безлимитный интернет;   местная, внутризоновая, междугородная и международная телефонная связь;   виртуальная АТС;   организация виртуальных частей сетей (VPN);   Wi-Fi Hot Spot;   «умное» видеонаблюдение;   программное обеспечение: Облачная 1С, антивирус;   Co-location (размещение оборудования).       В каком коллективе ты будешь работать?     Средний возраст сотрудников Компании 30 лет, соотношение мужчин и женщин 80% к 20%. Мы молоды, активны, инициативны, мы фонтанируем идеями и воплощаем их в реальность. Мы умеем не только хорошо и много работать, но и любим совместно отдыхать. Ключевыми компетенциями для нас являются наличие образованности, готовность обучаться и постоянно расти вместе с Компанией.     Чем предстоит заниматься?       монтаж волоконно оптических линий связи;   монтаж СКС;   монтаж телекоммуникационного оборудования;   выполнение работ по технической эксплуатации волоконно оптической линии связи, сети СКС;   подключение телекоммуникационного оборудования к электросети 0,2 кВт.      Что мы ожидаем от кандидата?      наличие знаний и опыта работы по сварке ВОЛС (приветствуется);   опыт по сварке ВОЛС будет преимущественно;   отсутствие медицинских противопоказаний по работе на высоте (обязательно).       Почему именно МЫ?      Работая в нашей компании, Ты получаешь      Официальное трудоустройство согласно ТК РФ;   Официальный и стабильный доход (сдельная оплата труда);   Пятидневную рабочую неделю с 08:00 до 17:00 (СБ и ВС -выходной);   Компенсацию питания;   Работу в молодом и дружном коллективе;   Возможность профессионального и карьерного роста и возможность реализации своих идей.       Где Ты будешь работать?     В современном комфортабельном офисе в Пионерском районе (ост. &quot;Современник&quot;)   Также на территории офиса имеется бесплатная охраняемая парковка     Работа разъездного характера, ГСМ оплачиваем   ",Полная занятость,Полный день,От 1 года до 3 лет,,3.0,71666.66666666669,1.0,35000.0,монтажник волс и лкс,Наличие знаний и опыта работы по сварке ВОЛС (приветствуется). Опыт по сварке ВОЛС будет преимущественно. Отсутствие медицинских противопоказаний по работе...,"Высокоскоростной безлимитный интернет. Местная, внутризоновая, междугородная и международная телефонная связь. Виртуальная АТС. Организация виртуальных частей сетей (VPN). Wi-Fi Hot...",0.5666666666666667,0,1,1,0,0,0,0,0,0,1,0,1,0,0,0,0,0,1,0,0,0,0,0,0,0,0,0,0,0,0,0
Екатеринбург,ТС+,2019-11-19T06:26:10+0300,"  Обязанности:       выполнение работ по монтажу слаботочных систем и систем электроснабжения.      Требования:       опыт работы по специальности;   наличие среднего специального образования;   знание технологий монтажа;   знание конструктивных особенностей‚ условий эксплуатации;   умение читать рабочие чертежи, электрические схемы, спецификации монтируемого оборудования и кабельной продукции;   умение пользоваться ручным и механизированным инструментом      Условия:       трудоустройство по ТК РФ;   готовность в командировкам (работа по РФ);   предоставление спецодежды 1раз в год;   предоставление инструмента;   оплата всех транспортных расходов.   ",Полная занятость,Вахтовый метод,От 1 года до 3 лет,,3.0,80000.0,1.0,43666.66666666666,монтажник слаботочных систем,Опыт работы по специальности. Наличие среднего специального образования. Знание технологий монтажа. Знание конструктивных особенностей‚ условий эксплуатации. Умение читать рабочие чертежи...,Выполнение работ по монтажу слаботочных систем и систем электроснабжения.,0.8,0,1,1,0,0,0,0,0,0,1,0,1,0,0,0,1,0,0,0,0,0,0,0,0,0,0,0,0,0,0,0
Екатеринбург,Системы Комплексной Безопасности,2019-11-27T10:46:10+0300,"  Для работы в городе Екатеринбург  требуется монтажник для проведения инсталляций. (оператор связи ПАО &quot;Ростелеком&quot;).    Работа в всех районах города.         Условия:      трудоустройство по договору ГПХ,   молодой, энергичный коллектив,    разъездной характер работы ,    выплата заработной платы 2 раза в месяц.           Требование к кандидатам:      ответственность, честность,   требуется навык работы с компьютерной техникой, настройки беспроводного и проводного коммуникационного оборудования,   коммуникабельность,          В обязанности входит:      выезд к абонентам ПАО &quot;Ростелеком&quot; в оговоренное время,   выполнение работ согласно технологической инструкции,   регулярные визиты в офис для отчета по выполненным заявкам и получения необходимого для работы оборудования и материалов.       ",Полная занятость,Полный день,Нет опыта,|Производство строительно-монтажных работ|подключение интернета|монтаж СКС,,65000.0,,35000.0,монтажник,"Ответственность, честность. Требуется навык работы с компьютерной техникой, настройки беспроводного и проводного коммуникационного оборудования. Коммуникабельность.",Выезд к абонентам ПАО &quot;Ростелеком&quot; в оговоренное время. Выполнение работ согласно технологической инструкции. Регулярные визиты в офис для отчета по...,0.5333333333333333,0,0,1,0,0,0,0,0,1,0,0,1,0,0,0,0,0,1,0,0,0,0,0,0,0,0,0,1,0,0,1
Екатеринбург,Домокон,2019-12-11T05:04:30+0300,"  Примем на работу монтажников следующих направлений:      изделия из ПВХ;   алюминиевые конструкции;   натяжные потолки;   двери.      Условия:  оплата монтажа сдельная, расходные материалы за счет организации, компенсация ГСМ, доставка изделий на адрес осуществляется грузчиками, объем работы постоянный, возможна подработка!!!    Требования:   опыт работы обязателен.    Обязанности:   установка изделий различного уровня сложности, работа с физ.лицами. ",Полная занятость,Полный день,От 1 года до 3 лет,,3.0,71666.66666666669,1.0,70000.0,монтажник натяжных потолков,Опыт работы обязателен.,"Изделия из ПВХ. Алюминиевые конструкции. Натяжные потолки. Двери. Установка изделий различного уровня сложности, работа с физ.лицами.",0.06666666666666667,1,1,1,0,0,0,0,0,0,1,0,1,0,0,0,0,0,1,0,0,0,0,0,0,0,0,0,0,0,0,0
Новосибирск,Новые коммуникации,2019-12-09T19:58:54+0300, Обязанности:     Затяжка кабеля в кабельную канализацию   Укладка кабеля в грунт   Монтаж кабеля по зданиям / сооружениям   Подвес кабеля по опорам / между зданиями     Требования:     Опыт работы с оптическим кабелем   Умение работать в коллективе   Ответственность     Условия:     Заработная плата от 35000 руб. в мес.   Сдельная система оплаты труда   Ненормированный рабочий день   ,Полная занятость,Полный день,От 1 года до 3 лет,,3.0,58750.0,1.0,35000.0,монтажник связи,Опыт работы с оптическим кабелем. Умение работать в коллективе. Ответственность.,Затяжка кабеля в кабельную канализацию. Укладка кабеля в грунт. Монтаж кабеля по зданиям / сооружениям. Подвес кабеля по опорам / между зданиями.,0.13333333333333333,0,0,0,0,0,1,0,0,0,1,0,1,0,0,0,0,0,1,0,0,0,0,0,0,0,0,0,0,0,0,0
Новосибирск,Трест Связьстрой - 6,2019-11-24T10:46:46+0300,"  Обязанности :     Монтаж оборудования связи.   Монтаж СКС      Требования :     С опытом работы от 1-го года.   Желательно иметь профильное образование      Условия :     Официальное трудоустройство в соответствии с ТК РФ.          ОАО «Трест «Связьстрой-6»  одна из самых крупных строительных компаний России на рынке строительства телекоммуникаций, которая уже более 45 лет удерживает лидирующие позиции и является одним из ведущих подрядчиков по строительству сетей и сооружений связи на территории от Урала до Дальнего Востока. Особенностью нашей компании является то, что мы предлагаем весь комплекс работ, начиная от проектирования до сдачи объекта под «ключ». ОАО «Трест «Связьстрой-6» образовано в 1993 году. Оно является правопреемником государственного строительно-монтажного треста «Связьстрой-6», созданного в 1965 году. ",Полная занятость,Полный день,От 1 года до 3 лет,,3.0,58750.0,1.0,33333.333333333336,монтажник связи,С опытом работы от 1-го года. Желательно иметь профильное образование.,Монтаж оборудования связи. Монтаж СКС.,0.6333333333333333,0,0,0,0,0,1,0,0,0,1,0,1,0,0,0,0,0,1,0,0,0,0,0,0,0,0,0,0,0,0,0
Новосибирск,Бронда,2019-11-27T08:06:24+0300," Обязанности:     Прокладка кабельных линий   Монтаж и настройка оборудования     Требования:     Желание и готовность работать, в том числе и в сложных условиях.   Понимание принципов построения систем видеонаблюдения и электроосвещения.   Пунктуальность, честность, ответственность.     Условия:     Сдельная оплата труда за каждый объект. В среднем около 2000-3000 р/день.   ",Частичная занятость,Гибкий график,Нет опыта,,,50000.0,,25000.0,монтажник систем видеонаблюдения электромонтажник,"Желание и готовность работать, в том числе и в сложных условиях. Понимание принципов построения систем видеонаблюдения и электроосвещения. ",Прокладка кабельных линий. Монтаж и настройка оборудования.,0.5333333333333333,0,0,0,0,0,1,0,0,1,0,0,0,0,0,1,0,1,0,0,0,0,0,0,0,0,0,0,0,0,0,0
Новосибирск,Сибирский Медведь,2019-12-04T08:53:47+0300,"  Обязанности : Монтаж абонентских линий связи в частном секторе (технология GEPON) Ремонт абонентских линий связи Установка и настройка абонентского оборудования (GEPON терминалы, IPTV STB, Роутеры)   Требования : Навыки работы с оптическим кабелем. Навыки работ на опорных сооружениях (столбы, опоры) Обязательно наличие опыта работы в данной сфере от полугода. Навыки работы перфоратором и другим инструментом. Минимальные знания о работе OC, Роутеров, Приставок.... Знание и навык работы в сети Интернет Умение общаться с абонентами. Ответственность и пунктуальность.     Условия : Стабильная заработная плата. Карьерный рост    ВАЖНО: Нужны трудолюбивые и ответственные ",Полная занятость,Полный день,От 1 года до 3 лет,|Настройка сетевых подключений|Сборка ПК|Настройка ПО|Пользователь ПК|Настройка ПК,3.0,58750.0,1.0,35000.0,монтажник подключений,"Навыки работы с оптическим кабелем. Навыки работ на опорных сооружениях (столбы, опоры). Обязательно наличие опыта работы в данной сфере от...",Монтаж абонентских линий связи в частном секторе (технология GEPON). Ремонт абонентских линий связи. Установка и настройка абонентского оборудования (GEPON терминалы...,0.3,0,0,0,0,0,1,0,0,0,1,0,1,0,0,0,0,0,1,0,0,0,0,1,0,0,0,1,0,0,0,1
Новосибирск,Системы Комплексной Безопасности,2019-11-21T12:17:30+0300,"  Для работы в городе Новосибирск и Новосибирской   области  требуется монтажник для проведения инсталляций по технологии PON в многоквартирных домах и в частном секторе.    Работа в всех районах города.         Условия:      трудоустройство по договору ГПХ,   молодой, энергичный коллектив,    разъездной характер работы ,    выплата заработной платы 2 раза в месяц.           Требование к кандидатам:      ответственность, честность,   требуется навык работы с компьютерной техникой, настройки беспроводного и проводного коммуникационного оборудования,   коммуникабельность,          В обязанности входит:      выезд к абонентам ПАО &quot;Ростелеком&quot; в оговоренное время,   выполнение работ согласно технологической инструкции,   регулярные визиты в офис для отчета по выполненным заявкам и получения необходимого для работы оборудования и материалов.       ",Полная занятость,Полный день,Нет опыта,|Производство строительно-монтажных работ|подключение интернета|монтаж СКС,,65000.0,,45000.0,монтажник связи,"Ответственность, честность. Требуется навык работы с компьютерной техникой, настройки беспроводного и проводного коммуникационного оборудования. Коммуникабельность.",Выезд к абонентам ПАО &quot;Ростелеком&quot; в оговоренное время. Выполнение работ согласно технологической инструкции. Регулярные визиты в офис для отчета по...,0.7333333333333333,0,0,0,0,0,1,0,0,1,0,0,1,0,0,0,0,0,1,0,0,0,0,0,0,0,0,0,1,0,0,1
Новосибирск,Айтикс,2019-12-04T12:06:33+0300," Компания Айтикс- осуществляет полный цикл разработки, проектирования и предоставления информационно-технологических и инженерных услуг, в том числе техническую поддержку и обслуживание ИТ-оборудования и инженерных систем, ИТ-аутсорсинг, внедрение и поддержка приложений и операционных систем       В связи с расширением и развитием бизнеса нам требуется специалист по монтажу СКС, Видеонаблюдения ,СКУД    Обязанности:    Монтаж систем видеонаблюдения Монтаж систем контроля доступа Прокладка кабельных линий Монтаж и настройка оборудования Взаимодействие с представителями Заказчика   Требования:   Опыт в монтаже систем видеонаблюдения и настройке сетевого оборудования обязателен! Желание работать, в том числе и в сложных условиях. Ответственность, исполнительность        Условия работы:      Нормированный рабочий день с 9:00 до 18:00 (сб., вс. - выходной). Обед в удобное для Вас время;   официальное трудоустройство;   Дружный коллектив, обучение, возможность роста;   Офис находится рядом с Пл Калинина (метро Заельцовская) – ул. Красный проспект   Своевременную выплату заработной платы – 2 раза в месяц;   ",Полная занятость,Полный день,От 1 года до 3 лет,|Монтаж инженерных систем|Инженерные системы|Строительство|строительно-монтажные работы|Пуско-наладочные работы|Электрические системы и слаботочные системы|Системы охранно-тревожной сигнализации|Настройка сетевых подключений|Системы видеонаблюдения|Производство пусконаладочных работ|Техническое обслуживание,3.0,70000.0,1.0,30000.0,монтажник видеонаблюдения слаботочных систем,"Опыт в монтаже систем видеонаблюдения и настройке сетевого оборудования обязателен! Желание работать, в том числе и в сложных условиях. ","Компания Айтикс- осуществляет полный цикл разработки, проектирования и предоставления информационно-технологических и инженерных услуг, в том числе техническую поддержку и...",0.3,0,1,0,0,0,1,0,0,0,1,0,1,0,0,0,0,0,1,0,0,0,1,1,1,1,0,0,0,1,0,1
Новосибирск,Сибирский Бит,2019-11-15T13:50:36+0300," Обязанности:       прокладка кабеля по опорам;       строительство GPON;       монтаж антенн;       подключение абонентов;       настройка абонентского оборудования ( компьютер, приставка, маршрутизатор, SmartTV телевизор)       Требования:       опыт работы в области связи;       умения работать с витой парой;       уверенный пользователь пк.       Условия:       обучение;       полное обеспечение материалами и интструментами;       компенсация ГСМ;       компенсация мобильной связи.     ",Полная занятость,Полный день,От 1 года до 3 лет,|Настройка сетевых подключений|Прокладка кабелей|Настройка ПК|Монтаж оборудования,3.0,50000.0,1.0,30000.0,монтажник связи,Опыт работы в области связи. Умения работать с витой парой. Уверенный пользователь пк.,"Прокладка кабеля по опорам. Строительство GPON. Монтаж антенн. Подключение абонентов. Настройка абонентского оборудования ( компьютер, приставка, маршрутизатор, SmartTV телевизор).",0.9333333333333333,0,0,0,0,0,1,0,0,0,1,0,1,0,0,0,0,0,1,0,0,1,0,1,0,0,1,0,0,0,0,1
Новосибирск,Связьэнергосервис,2019-11-30T08:54:43+0300," Обязанности:     Полный цикл СМР базовых станций сотовой связи   Модернизация оборудования сотовой связи   Объекты: башни, столбы, крыши     Требования:     опыт работы в монтаже АМС,фундаментов,аппаратных, АФУ, РРЛ   Наличие удостоверений, допусков желательно     Условия:     Сдельная оплата труда обсуждается на собеседовании. Возможно трудоустройство   ",Полная занятость,Гибкий график,От 1 года до 3 лет,,3.0,58750.0,1.0,33333.333333333336,монтажник оборудования сотовой связи амс афу,"Опыт работы в монтаже АМС,фундаментов,аппаратных, АФУ, РРЛ. Наличие удостоверений, допусков желательно.","Полный цикл СМР базовых станций сотовой связи. Модернизация оборудования сотовой связи. Объекты: башни, столбы, крыши.",0.43333333333333335,0,0,0,0,0,1,0,0,0,1,0,1,0,0,0,0,1,0,0,0,0,0,0,0,0,0,0,0,0,0,0
Казань,НВБС,2019-12-10T16:03:36+0300," Обязанности:    АО «НВБС» – одна из крупнейших сервисных компаний России в области ИТ и Телеком – ищет кандидатов на должность монтажников. Мы помогаем войти в мир Интернета и качественного телевидения. Вакансия для тех, кто хочет и может хорошо работать и зарабатывать!     Обязанности:      Предоставление качественного клиентского сервиса;   Подключение абонентов к домашнему интернету (монтаж кабеля от шкафа оператора до квартиры клиента, настройка оборудования WiFi и приставок IPTV);   Выполнение абонентских заявок (восстановление сервиса, настройка компьютера);   Устранение аварий и выполнение плановых работ.     Требования:     Образование от среднего;   Опыт работы – не имеет значения;   Желательно знание принципов настройки клиентского оборудования (роутер, WiFi);   Приветствуется опыт работы в монтаже слаботочных систем.     Условия:     Мотивация: сдельная, возможность дополнительного заработка;   Официальное трудоустройство;   Стабильная выплата заработной платы на карту (полностью белая) :   График работы: 5/2, скользящие выходные дни;   Полная занятость, разъездной характер работы, работа рядом с домом;   Возможность профессионального развития в крупнейшей сервисной компании России в области IT и Телеком;   Оплата мобильной связи;   Фирменная спецодежда и предоставление инструмента;   Дружный коллектив.   ",Полная занятость,Полный день,Нет опыта,,,40000.0,,34000.0,монтажник,"Образование от среднего. Опыт работы – не имеет значения. Желательно знание принципов настройки клиентского оборудования (роутер, WiFi). Приветствуется опыт работы в...","Предоставление качественного клиентского сервиса. Подключение абонентов к домашнему интернету (монтаж кабеля от шкафа оператора до квартиры клиента, настройка оборудования WiFi...",0.1,0,0,0,1,0,0,0,0,1,0,0,1,0,0,0,0,0,1,0,0,0,0,0,0,0,0,0,0,0,0,0
Казань,Параллакс,2019-12-12T14:54:53+0300,"  Обязанности:    Выполнение монтажных работ по слаботочным системам:   - Охранно-пожарных сигнализаций   - Систем видеонаблюдения   - Систем контроля доступа   - Компьютерных сетей: СКС, ЛВС   - Автоматическое дымоудаление   - Прочие кабельные системы    Требования:    - Образование среднее, средне-специальное.   - Знание основных принципов построения слаботочных сетей, правил монтажа и спецификации слаботочных и электрических сетей   - Знание основных правил и норм техники безопасности   - Умение разбираться в технической документации   - Умение работать с проектной документацией (схемы, планы, чертежи)   - Отсутствие ограничений и боязни работ на высоте до 10м.   - Опыт работы не менее 3-х лет иметь опыт работы с оборудованием Болид, Inter-M и др.    Условия:    1. Официальное трудоустройство   2. Соц.пакет   3.Работа в Казани     ",Полная занятость,Полный день,От 1 года до 3 лет,,3.0,40000.0,1.0,32250.0,монтажник слаботочных систем,"Образование среднее, средне-специальное. - Знание основных принципов построения слаботочных сетей, правил монтажа и спецификации слаботочных и электрических сетей. - ","Выполнение монтажных работ по слаботочным системам: - Охранно-пожарных сигнализаций. - Систем видеонаблюдения. - Систем контроля доступа. - Компьютерных сетей: СКС, ЛВС. - Автоматическое дымоудаление. - ",0.03333333333333333,0,0,0,1,0,0,0,0,0,1,0,1,0,0,0,0,0,1,0,0,0,0,0,0,0,0,0,0,0,0,0
Казань,Скайнет,2019-12-13T15:44:28+0300," Чем Вы будете заниматься:   строительством ДРС (домовой распределительной сети); наладкой слаботочных сетей, ВОЛС, сетей внутреннего электроснабжения жилых домов, зданий и сооружений, видеонаблюдения;   Мы ждём от Вас:   техническое образование, отсутствие противопоказаний к выполнению работ на высоте, инициативность, умение работать в команде. Приветствуются знания по электромонтажу до и выше 1000 В, монтажу электроснабжения, опыт работы по прокладке кабелей связи и силовых кабелей, навыки строительства ДРС   Условия:     Страхование для сотрудника   Оплата сотовой связи   Компенсация проезда и ГСМ   Предоставление форменной/спецодежды   Оплата по результатам собеседования,от 35000р, работа в бригаде   ",Полная занятость,Полный день,Нет опыта,,,40000.0,,35000.0,монтажник оптического кабеля,"Техническое образование, отсутствие противопоказаний к выполнению работ на высоте, инициативность, умение работать в команде. Приветствуются знания по электромонтажу до и...","Строительством ДРС (домовой распределительной сети). Наладкой слаботочных сетей, ВОЛС, сетей внутреннего электроснабжения жилых домов, зданий и сооружений, видеонаблюдения.",0.0,0,0,0,1,0,0,0,0,1,0,0,1,0,0,0,0,0,1,0,0,0,0,0,0,0,0,0,0,0,0,0
Казань,Континент,2019-12-05T10:30:34+0300,"  Обязанности:      Монтаж и установка систем видеонаблюдения, СКУД, турникетов;   Кабельные работы;   Домофония.     Требования:     Образование не ниже средне-специального;   Опыт работы от 1 года в слаботочных системах;   Опыт монтажа СКС, СКУД, БГС, домофонов;   Умение работать с IP-оборудованием (регистратор, камера, ПК);   Высокая мобильность, готовность к командировкам.     Условия:     Работа в крупной, стабильной, динамично развивающейся компании;   Заработная плата 30 000 руб. на испытательном сроке (3 мес.), 35 000 руб. - после него, стабильно выплачивается 2 раза в месяц;   График работы пн-пт с 9:00 до 18:00;   Компенсация ГСМ, командировочные;   Корпоративная мобильная связь;   Центральный офис на территории Технополиса &quot;Химград&quot;;   Молодой, дружный коллектив.   ",Полная занятость,Полный день,От 1 года до 3 лет,|Контроль исполнения  решений|Монтаж оборудования|Монтаж инженерных систем|Пользователь ПК|Мобильность,3.0,35000.0,1.0,30000.0,монтажник слаботочных систем,"Образование не ниже средне-специального. Опыт работы от 1 года в слаботочных системах. Опыт монтажа СКС, СКУД, БГС, домофонов. ","Монтаж и установка систем видеонаблюдения, СКУД, турникетов. Кабельные работы. Домофония.",0.26666666666666666,0,0,0,1,0,0,0,0,0,1,0,1,0,0,0,0,0,1,0,0,1,1,0,0,0,0,1,0,0,0,1
Казань,Контакт Энерго,2019-12-12T16:28:46+0300," Основное направление организации проектирование, строительство, модернизация, ремонт и тех. обслуживание электросетей и систем 0,4-220кВ, а также слаботочных сетей и систем        Обязанности:      Обследование -выездная работа , выполняемая для определения технической возможности подключения клиента к услугам связи ПАО &quot;Ростелеком&quot;.   Выполнение простых и сложных работ при сооружении воздушных линий свзяи.   Монтажные работы широкополосного доступа в информационно-телекоммуникационную сеть &quot;Интернет&quot;.   Монтаж &quot;FTTh&quot; -технология построения сети доступа , при которой волоконно-оптический кабель прокладывается до офиса Абонента (+сварка ОВ).   Монтаж &quot;FTTb&quot;-технология построения сети доступа , при которой волоконно-оптический кабель прокладывается до здания , в здании устанавливается активное оборудование и распределительная сеть от активного оборудования по зданию выполняется многожильным медным кабелем.   Монтаж &quot;PON(Passive Optical Network)&quot; -технология пассивных оптических сетей,термин , обозначающий технологии построения сети доступа, при которой оптический кабель прокладывается непосредственно до абонентского устройства.   Монтаж видеонаблюдения наружного и внутреннего .   Монтаж линий связи по GSM- телефон для предоставления абонентам услуги местной телефонной связи по технологии GSM.   Сварочные работы волоконно-оптического кабеля.     Требования:     Профессиональное средне специальное образование.   Опыт работы не менее 1 года.   Умение читать монтажные схемы.   Внимательность,оперативность, коммуникабельность, ответственность, исполнительность в работе     Условия:     Трудоустройство по ТК РФ.   Стабильная своевременная заработная плата (от 30000 до 45000 рублей). По результатам собеседования.   Обеспечение рабочей спец одеждой , инструментом и оборудованием.   Компенсация сотовой связи.   График работы 5/2 с 8:00 до 17:00   ",Полная занятость,Полный день,От 1 года до 3 лет,,3.0,45000.0,1.0,30000.0,монтажник слаботочных сетей сварщик оптоволокна,"Профессиональное средне специальное образование. Опыт работы не менее 1 года. Умение читать монтажные схемы. Внимательность,оперативность, коммуникабельность, ответственность, исполнительность в...","Обследование -выездная работа , выполняемая для определения технической возможности подключения клиента к услугам связи ПАО &quot;Ростелеком&quot;. Выполнение простых и сложных работ...",0.03333333333333333,0,0,0,1,0,0,0,0,0,1,0,1,0,0,0,0,0,1,0,0,0,0,0,0,0,0,0,0,0,0,0
